record_key,issue_type,source_url,details
source_artifact:url-sha256:ca6358cfd3a2a41fe9bd2443f447fb3dbe2267e544eae87b04b28b211e6ba0e1,official_source_fetch_failed,https://priem.bmstu.ru/lists/,RuntimeError: official source fetch failed (http_error): https://priem.bmstu.ru/lists/
direction:bmstu:01.03.02,catalog_page_link_not_found_in_catalog_html,https://bmstu.ru/bachelor/majors,API slug prikladnaa-matematika-i-informatika-010302 was not present as a card link in the HTML catalog.
direction:bmstu:01.03.03,catalog_page_link_not_found_in_catalog_html,https://bmstu.ru/bachelor/majors,API slug mekhanika-i-matematicheskoe-modelirovanie was not present as a card link in the HTML catalog.
direction:bmstu:01.03.04,catalog_page_link_not_found_in_catalog_html,https://bmstu.ru/bachelor/majors,API slug prikladnaa-matematika-010304 was not present as a card link in the HTML catalog.
direction:bmstu:02.03.01,catalog_page_link_not_found_in_catalog_html,https://bmstu.ru/bachelor/majors,API slug matematika-i-komputernye-nauki-020301 was not present as a card link in the HTML catalog.
direction:bmstu:09.03.01,catalog_page_link_not_found_in_catalog_html,https://bmstu.ru/bachelor/majors,API slug informatika-i-vycislitelnaa-tehnika-090301 was not present as a card link in the HTML catalog.
department:bmstu:ИУ6,department_campus_unverified,https://api.www.bmstu.ru/majors/informatika-i-vycislitelnaa-tehnika-090301,"Official chair address does not identify Moscow or a named branch: '2-я Бауманская улица, дом 5, строение 1, 8 этаж, каб. 802'"
direction:bmstu:09.03.02,catalog_page_link_not_found_in_catalog_html,https://bmstu.ru/bachelor/majors,API slug informacionnye-sistemy-i-tehnologii-090302 was not present as a card link in the HTML catalog.
direction:bmstu:09.03.03,catalog_page_link_not_found_in_catalog_html,https://bmstu.ru/bachelor/majors,API slug prikladnaa-informatika-090303 was not present as a card link in the HTML catalog.
direction:bmstu:09.03.04,catalog_page_link_not_found_in_catalog_html,https://bmstu.ru/bachelor/majors,API slug programmnaa-inzeneria-090304 was not present as a card link in the HTML catalog.
direction:bmstu:10.05.01,catalog_page_link_not_found_in_catalog_html,https://bmstu.ru/bachelor/majors,API slug komputernaa-bezopasnost-100501 was not present as a card link in the HTML catalog.
direction:bmstu:10.05.03,catalog_page_link_not_found_in_catalog_html,https://bmstu.ru/bachelor/majors,API slug informacionnaa-bezopasnost-avtomatizirovannyh-sistem-100503 was not present as a card link in the HTML catalog.
direction:bmstu:10.05.05,catalog_page_link_not_found_in_catalog_html,https://bmstu.ru/bachelor/majors,API slug bezopasnost-informacionnykh-tekhnologii-v-pravookhranitelnoi-sfere was not present as a card link in the HTML catalog.
direction:bmstu:11.03.03,catalog_page_link_not_found_in_catalog_html,https://bmstu.ru/bachelor/majors,API slug konstruirovanie-i-tehnologia-elektronnyh-sredstv-110303 was not present as a card link in the HTML catalog.
direction:bmstu:11.03.04,catalog_page_link_not_found_in_catalog_html,https://bmstu.ru/bachelor/majors,API slug elektronika-i-nanoelektronika-110304 was not present as a card link in the HTML catalog.
direction:bmstu:11.05.01,catalog_page_link_not_found_in_catalog_html,https://bmstu.ru/bachelor/majors,API slug radioelektronnye-sistemy-i-kompleksy-110501 was not present as a card link in the HTML catalog.
direction:bmstu:12.03.04,catalog_page_link_not_found_in_catalog_html,https://bmstu.ru/bachelor/majors,API slug biotehniceskie-sistemy-i-tehnologii-120304 was not present as a card link in the HTML catalog.
direction:bmstu:12.03.04,catalog_profile_code_reused_on_direction_card,https://api.www.bmstu.ru/majors/biotehniceskie-sistemy-i-tehnologii-120304,"Official API repeats profile code 12.03.04 across distinct rows [{'department_code': 'БМТ1', 'card_position': [1, 1]}, {'department_code': 'БМТ1', 'card_position': [1, 2]}, {'department_code': 'БМТ1', 'card_position': [1, 3]}, {'department_code': 'БМТ1', 'card_position': [1, 4]}, {'department_code': 'БМТ2', 'card_position': [2, 1]}, {'department_code': 'БМТ2', 'card_position': [2, 2]}, {'department_code': 'БМТ2', 'card_position': [2, 3]}, {'department_code': 'БМТ3', 'card_position': [3, 1]}, {'department_code': 'БМТ3', 'card_position': [3, 2]}, {'department_code': 'БМТ3', 'card_position': [3, 3]}, {'department_code': 'БМТ5', 'card_position': [4, 1]}]; rows are retained separately by department and source position."
department:bmstu:БМТ3,department_campus_unverified,https://api.www.bmstu.ru/majors/biotehniceskie-sistemy-i-tehnologii-120304,Official chair address does not identify Moscow or a named branch: '-'
department:bmstu:БМТ5,department_campus_unverified,https://api.www.bmstu.ru/majors/biotehniceskie-sistemy-i-tehnologii-120304,Official chair address does not identify Moscow or a named branch: '-'
direction:bmstu:12.03.05,catalog_page_link_not_found_in_catalog_html,https://bmstu.ru/bachelor/majors,API slug lazernaa-tehnika-i-lazernye-tehnologii-120305 was not present as a card link in the HTML catalog.
direction:bmstu:12.05.01,catalog_page_link_not_found_in_catalog_html,https://bmstu.ru/bachelor/majors,API slug elektronnye-i-optiko-elektronnye-pribory-i-sistemy-specialnogo-naznacenia-120501 was not present as a card link in the HTML catalog.
direction:bmstu:13.03.02,catalog_page_link_not_found_in_catalog_html,https://bmstu.ru/bachelor/majors,API slug elektroenergetika-i-elektrotehnika-130302 was not present as a card link in the HTML catalog.
department:bmstu:Э11,department_campus_unverified,https://api.www.bmstu.ru/majors/elektroenergetika-i-elektrotehnika-130302,Official chair address does not identify Moscow or a named branch: '-'
direction:bmstu:13.03.03,catalog_page_link_not_found_in_catalog_html,https://bmstu.ru/bachelor/majors,API slug energeticeskoe-masinostroenie-130303 was not present as a card link in the HTML catalog.
direction:bmstu:14.05.01,catalog_page_link_not_found_in_catalog_html,https://bmstu.ru/bachelor/majors,API slug adernye-reaktory-i-materialy-140501 was not present as a card link in the HTML catalog.
direction:bmstu:15.03.01,catalog_page_link_not_found_in_catalog_html,https://bmstu.ru/bachelor/majors,API slug masinostroenie-150301 was not present as a card link in the HTML catalog.
direction:bmstu:15.03.02,catalog_page_link_not_found_in_catalog_html,https://bmstu.ru/bachelor/majors,API slug tehnologiceskie-masiny-i-oborudovanie-150302 was not present as a card link in the HTML catalog.
direction:bmstu:15.03.03,catalog_page_link_not_found_in_catalog_html,https://bmstu.ru/bachelor/majors,API slug prikladnaa-mehanika-150303 was not present as a card link in the HTML catalog.
direction:bmstu:15.03.04,catalog_page_link_not_found_in_catalog_html,https://bmstu.ru/bachelor/majors,API slug avtomatizacia-tehnologiceskih-processovi-proizodstv-150304 was not present as a card link in the HTML catalog.
direction:bmstu:15.03.06,catalog_page_link_not_found_in_catalog_html,https://bmstu.ru/bachelor/majors,API slug mehatronika-i-robototehnika-150306 was not present as a card link in the HTML catalog.
direction:bmstu:15.05.01,catalog_page_link_not_found_in_catalog_html,https://bmstu.ru/bachelor/majors,API slug proektirovanie-tehnologiceskih-masin-i-kompleksov-150501 was not present as a card link in the HTML catalog.
direction:bmstu:15.05.01,catalog_profile_code_reused_on_direction_card,https://api.www.bmstu.ru/majors/proektirovanie-tehnologiceskih-masin-i-kompleksov-150501,"Official API repeats profile code 15.05.01-04 across distinct rows [{'department_code': 'МТ12', 'card_position': [8, 1]}, {'department_code': 'МТ12', 'card_position': [8, 2]}]; rows are retained separately by department and source position."
department:bmstu:МТ6,department_campus_unverified,https://api.www.bmstu.ru/majors/proektirovanie-tehnologiceskih-masin-i-kompleksov-150501,"Official chair address does not identify Moscow or a named branch: '105005, ул. 2-я Бауманская, д. 5, с. 22'"
direction:bmstu:15.05.02,catalog_page_link_not_found_in_catalog_html,https://bmstu.ru/bachelor/majors,API slug robototekhnika-voennogo-i-specialnogo-naznacheniya was not present as a card link in the HTML catalog.
direction:bmstu:16.03.01,catalog_page_link_not_found_in_catalog_html,https://bmstu.ru/bachelor/majors,API slug tehniceskaa-fizika-160301 was not present as a card link in the HTML catalog.
direction:bmstu:16.03.02,catalog_page_link_not_found_in_catalog_html,https://bmstu.ru/bachelor/majors,API slug vysokotehnologicnye-plazmennye-i-energeticeskie-ustanovki-160302 was not present as a card link in the HTML catalog.
direction:bmstu:16.03.03,catalog_page_link_not_found_in_catalog_html,https://bmstu.ru/bachelor/majors,API slug holodilnaa-kriogennaa-tehnika-i-sistemy-zizneobespecenia-160303 was not present as a card link in the HTML catalog.
direction:bmstu:16.05.01,catalog_page_link_not_found_in_catalog_html,https://bmstu.ru/bachelor/majors,API slug specialnye-sistemy-zizneobespecenia-160501 was not present as a card link in the HTML catalog.
direction:bmstu:17.05.01,catalog_page_link_not_found_in_catalog_html,https://bmstu.ru/bachelor/majors,API slug boepripasy-i-vzryvateli-170501 was not present as a card link in the HTML catalog.
direction:bmstu:17.05.02,catalog_page_link_not_found_in_catalog_html,https://bmstu.ru/bachelor/majors,API slug strelkovo-pusecnoe-artillerijskoe-i-raketnoe-oruzie-170502 was not present as a card link in the HTML catalog.
direction:bmstu:20.03.01,catalog_page_link_not_found_in_catalog_html,https://bmstu.ru/bachelor/majors,API slug tehnosfernaa-bezopasnost-200301 was not present as a card link in the HTML catalog.
direction:bmstu:22.03.01,catalog_page_link_not_found_in_catalog_html,https://bmstu.ru/bachelor/majors,API slug materialovedenie-i-tehnologia-materialov-220301 was not present as a card link in the HTML catalog.
direction:bmstu:23.05.01,catalog_page_link_not_found_in_catalog_html,https://bmstu.ru/bachelor/majors,API slug nazemnye-transportno-tehnologiceskie-sredstva-230501 was not present as a card link in the HTML catalog.
direction:bmstu:23.05.02,catalog_page_link_not_found_in_catalog_html,https://bmstu.ru/bachelor/majors,API slug transportnye-sredstva-specialnogo-naznacenia-230502 was not present as a card link in the HTML catalog.
direction:bmstu:24.03.01,catalog_page_link_not_found_in_catalog_html,https://bmstu.ru/bachelor/majors,API slug raketnye-kompleksy-i-kosmonavtika-240301 was not present as a card link in the HTML catalog.
direction:bmstu:24.05.01,catalog_page_link_not_found_in_catalog_html,https://bmstu.ru/bachelor/majors,API slug proektirovanie-proizvodstvo-i-ekspluatacia-raket-i-raketno-kosmiceskih-kompleksov-240501 was not present as a card link in the HTML catalog.
direction:bmstu:24.05.01,catalog_profile_code_reused_on_direction_card,https://api.www.bmstu.ru/majors/proektirovanie-proizvodstvo-i-ekspluatacia-raket-i-raketno-kosmiceskih-kompleksov-240501,"Official API repeats profile code 24.05.01(АК1) across distinct rows [{'department_code': 'СМ2', 'card_position': [2, 1]}, {'department_code': 'СМ2', 'card_position': [2, 2]}]; rows are retained separately by department and source position."
direction:bmstu:24.05.02,catalog_page_link_not_found_in_catalog_html,https://bmstu.ru/bachelor/majors,API slug proektirovanie-aviacionnyh-i-raketnyh-dvigatelej-240502 was not present as a card link in the HTML catalog.
direction:bmstu:24.05.04,catalog_page_link_not_found_in_catalog_html,https://bmstu.ru/bachelor/majors,API slug navigacionno-ballisticeskoe-obespecenie-primenenia-kosmiceskoj-tehniki-240504 was not present as a card link in the HTML catalog.
direction:bmstu:24.05.06,catalog_page_link_not_found_in_catalog_html,https://bmstu.ru/bachelor/majors,API slug sistemy-upravlenia-letatelnymi-apparatami-240506 was not present as a card link in the HTML catalog.
direction:bmstu:27.03.01,catalog_page_link_not_found_in_catalog_html,https://bmstu.ru/bachelor/majors,API slug standartizacia-i-metrologia-270301 was not present as a card link in the HTML catalog.
direction:bmstu:27.03.04,catalog_page_link_not_found_in_catalog_html,https://bmstu.ru/bachelor/majors,API slug upravlenie-v-tehniceskih-sistemah-270304 was not present as a card link in the HTML catalog.
direction:bmstu:27.03.05,catalog_page_link_not_found_in_catalog_html,https://bmstu.ru/bachelor/majors,API slug innovatika-270305 was not present as a card link in the HTML catalog.
direction:bmstu:28.03.02,catalog_page_link_not_found_in_catalog_html,https://bmstu.ru/bachelor/majors,API slug nanoinzeneria-280302 was not present as a card link in the HTML catalog.
direction:bmstu:38.03.01,catalog_page_link_not_found_in_catalog_html,https://bmstu.ru/bachelor/majors,API slug ekonomika-380301 was not present as a card link in the HTML catalog.
direction:bmstu:38.03.02,catalog_page_link_not_found_in_catalog_html,https://bmstu.ru/bachelor/majors,API slug menedzment-380302 was not present as a card link in the HTML catalog.
direction:bmstu:38.03.05,catalog_page_link_not_found_in_catalog_html,https://bmstu.ru/bachelor/majors,API slug biznes-informatika-380305 was not present as a card link in the HTML catalog.
direction:bmstu:40.05.03/40.05.01,catalog_page_link_not_found_in_catalog_html,https://bmstu.ru/bachelor/majors,API slug sudebnaa-ekspertiza-400503 was not present as a card link in the HTML catalog.
direction:bmstu:45.03.02,catalog_page_link_not_found_in_catalog_html,https://bmstu.ru/bachelor/majors,API slug lingvistika-450302 was not present as a card link in the HTML catalog.
direction:bmstu:45.03.03,catalog_page_link_not_found_in_catalog_html,https://bmstu.ru/bachelor/majors,API slug fundamentalnaya-i-kompyuternaya-lingvistika was not present as a card link in the HTML catalog.
direction:bmstu:54.03.01,catalog_page_link_not_found_in_catalog_html,https://bmstu.ru/bachelor/majors,API slug dizajn-540301 was not present as a card link in the HTML catalog.
exam_requirement:bmstu:2026:app1:18.03.01:p2:t2:r5,exam_requirement_direction_unresolved,https://api.www.bmstu.ru/file/123748/download,Direction 18.03.01 is not in the included Moscow catalog.
exam_requirement:bmstu:2026:app1:35.03.01:p2:t2:r8,exam_requirement_direction_unresolved,https://api.www.bmstu.ru/file/123748/download,Direction 35.03.01 is not in the included Moscow catalog.
exam_requirement:bmstu:2026:app1:35.03.02:p2:t2:r9,exam_requirement_direction_unresolved,https://api.www.bmstu.ru/file/123748/download,Direction 35.03.02 is not in the included Moscow catalog.
exam_requirement:bmstu:2026:app1:35.03.10:p2:t2:r10,exam_requirement_direction_unresolved,https://api.www.bmstu.ru/file/123748/download,Direction 35.03.10 is not in the included Moscow catalog.
exam_requirement:bmstu:2026:app1:27.03.02:p3:t1:r17,exam_requirement_direction_unresolved,https://api.www.bmstu.ru/file/123748/download,Direction 27.03.02 is not in the included Moscow catalog.
exam_requirement:bmstu:2026:app1:27.03.03:p3:t1:r18,exam_requirement_direction_unresolved,https://api.www.bmstu.ru/file/123748/download,Direction 27.03.03 is not in the included Moscow catalog.
source_artifact:url-sha256:f921dba72dd3ecc82fb7836bef88406b53185316f2d376ceda9928bebb9c26a0,official_source_fetch_failed,https://nerc.itmo.ru/russia-team/regional.html,RuntimeError: official source fetch failed (http_error): https://nerc.itmo.ru/russia-team/regional.html
source_artifact:url-sha256:c40072c038cb1adfefdb586b7aa0c9f1440c1bc1e14f4437840b29917d8e3766,official_source_fetch_failed,https://www.unn.ru/bibn/,RuntimeError: official source fetch failed (redirect_https_required): https://www.unn.ru/bibn/
source_artifact:url-sha256:871a63fd8a2ba189b5fbf765be449052855c35ac7df6cc84bba682014c85a2fe,official_source_fetch_failed,https://yumsh.spbu.ru,RuntimeError: official source fetch failed (redirect_host_not_allowed): https://yumsh.spbu.ru
source_artifact:url-sha256:c134e18d40aa68f7412b54be5a77a6a665709a950cdcfb5d55e1b60faa5bf98f,official_source_fetch_failed,https://abiturient.tsu.ru/ru/content/ormo,RuntimeError: official source fetch failed (http_error): https://abiturient.tsu.ru/ru/content/ormo
source_artifact:url-sha256:be3594b6963257dc9635e6625e703abe5bf3cbfe4bb25150a7b5c0727f427779,official_source_fetch_failed,https://izumrud.urfu.ru/,RuntimeError: official source fetch failed (redirect_host_not_allowed): https://izumrud.urfu.ru/
source_artifact:url-sha256:43c0dbc97429718d69b608aaa4dbe599fbb239257c1ae98c8a09bf0411aadf14,official_source_fetch_failed,https://www.sechenov.ru/upload/iblock/777/q301kq642aiduvns6zdndlh52mi7wtmo/Reglament-VSOSH-biologiya-2025_2026-.pdf,RuntimeError: official source fetch failed (response_body_truncated): https://www.sechenov.ru/upload/iblock/777/q301kq642aiduvns6zdndlh52mi7wtmo/Reglament-VSOSH-biologiya-2025_2026-.pdf
source_artifact:url-sha256:3f098af11de6f7720314560432ec2c1cfe9838a2d9ad53b9ec7f9af837eaca62,official_source_fetch_failed,https://www.sechenov.ru/upload/iblock/92c/u2pc53n3clh51dr4oowywr9w5jf39u4d/Reglament-VSOSH-khimiya-2025_2026-.pdf,RuntimeError: official source fetch failed (response_body_truncated): https://www.sechenov.ru/upload/iblock/92c/u2pc53n3clh51dr4oowywr9w5jf39u4d/Reglament-VSOSH-khimiya-2025_2026-.pdf
source_artifact:url-sha256:5a75163a56817631f093f32da07e5e785e204f91a122fafdb9fdd8afdc0608a8,official_source_fetch_failed,https://oho.misis.ru,RuntimeError: official source fetch failed (redirect_host_not_allowed): https://oho.misis.ru
source_artifact:url-sha256:33468ed6f3917f00ee135578f2bb709053a4b7fda5eb23a7ec2b3870d01a3f96,official_source_fetch_failed,https://www.herzen.spb.ru/obrazovanie/normativnye-dokumenty,RuntimeError: official source fetch failed (redirect_https_required): https://www.herzen.spb.ru/obrazovanie/normativnye-dokumenty
source_artifact:url-sha256:0bbd04836f4759a0973b1d70d91f0cce511328396751b6e009149f8fa1be9239,official_source_fetch_failed,https://www.herzen.spb.ru/sotrudnikam/pds,RuntimeError: official source fetch failed (redirect_https_required): https://www.herzen.spb.ru/sotrudnikam/pds
source_artifact:url-sha256:27015cce28d79917f7d0f770324516f0318d96b8b5094bee23451854668c71a6,official_source_fetch_failed,https://www.rggu.ru,RuntimeError: official source fetch failed (redirect_host_not_allowed): https://www.rggu.ru
source_artifact:url-sha256:e63b84fafd7568396ef97c5e9e7db241b121dd42f175ab07f034f8ab5b5f8471,official_source_fetch_failed,https://www.rea.ru/pk/entrant/ekonomika,RuntimeError: official source fetch failed (http_error): https://www.rea.ru/pk/entrant/ekonomika
source_artifact:url-sha256:a79b01d51a297024bcf043dbd68dae60c34093b966331ce376393ecc111bcb25,official_source_fetch_failed,https://www.rea.ru/pk/entrant/rus,RuntimeError: official source fetch failed (http_error): https://www.rea.ru/pk/entrant/rus
source_artifact:url-sha256:9902a07287eeac3edaaed193146639aefb5dc0bfbebaa560bb8028767e5f3590,official_source_fetch_failed,https://www.rea.ru/pk/entrant/finansovaya-gramotnost,RuntimeError: official source fetch failed (http_error): https://www.rea.ru/pk/entrant/finansovaya-gramotnost
source_artifact:url-sha256:6de2344d1d9d311fa4aa8d68b95525a36c2eda8a48ea3e55584fa1768e5405bc,official_source_fetch_failed,https://cloud-api.yandex.net/v1/disk/public/resources,RuntimeError: official source fetch failed (http_error): https://cloud-api.yandex.net/v1/disk/public/resources
study_plan:program:bmstu:09.03.01:ИУ5:09.03.01-62:source:1-4,profile_plan_has_no_downloadable_file,https://cloud-api.yandex.net/v1/disk/public/resources,Yandex public-resource metadata type is 'dir'; no file link found.
study_plan:program:bmstu:10.05.03:ИУ8:10.05.03-62:source:1-2,profile_plan_has_no_downloadable_file,https://cloud-api.yandex.net/v1/disk/public/resources,Yandex public-resource metadata type is 'dir'; no file link found.
source_artifact:url-sha256:9f98723f19ebfee246f3ae3a907fb42995ccf52e807943911aafef11e9b9b34b,official_source_fetch_failed,https://cloud-api.yandex.net/v1/disk/public/resources,RuntimeError: official source fetch failed (http_error): https://cloud-api.yandex.net/v1/disk/public/resources
study_plan:program:bmstu:12.03.04:БМТ1:12.03.04:source:1-2,profile_plan_has_no_downloadable_file,https://cloud-api.yandex.net/v1/disk/public/resources,Yandex public-resource metadata type is None; no file link found.
study_plan:program:bmstu:12.03.04:БМТ1:12.03.04:source:1-3,profile_plan_has_no_downloadable_file,https://cloud-api.yandex.net/v1/disk/public/resources,Yandex public-resource metadata type is None; no file link found.
study_plan:program:bmstu:12.03.04:БМТ1:12.03.04:source:1-4,profile_plan_has_no_downloadable_file,https://cloud-api.yandex.net/v1/disk/public/resources,Yandex public-resource metadata type is None; no file link found.
study_plan:program:bmstu:12.03.04:БМТ2:12.03.04:source:2-1,profile_plan_has_no_downloadable_file,https://cloud-api.yandex.net/v1/disk/public/resources,Yandex public-resource metadata type is None; no file link found.
study_plan:program:bmstu:12.03.04:БМТ2:12.03.04:source:2-2,profile_plan_has_no_downloadable_file,https://cloud-api.yandex.net/v1/disk/public/resources,Yandex public-resource metadata type is None; no file link found.
study_plan:program:bmstu:12.03.04:БМТ2:12.03.04:source:2-3,profile_plan_has_no_downloadable_file,https://cloud-api.yandex.net/v1/disk/public/resources,Yandex public-resource metadata type is None; no file link found.
study_plan:program:bmstu:12.03.04:БМТ3:12.03.04:source:3-1,profile_plan_has_no_downloadable_file,https://cloud-api.yandex.net/v1/disk/public/resources,Yandex public-resource metadata type is None; no file link found.
study_plan:program:bmstu:12.03.04:БМТ3:12.03.04:source:3-2,profile_plan_has_no_downloadable_file,https://cloud-api.yandex.net/v1/disk/public/resources,Yandex public-resource metadata type is None; no file link found.
study_plan:program:bmstu:12.03.04:БМТ3:12.03.04:source:3-3,profile_plan_has_no_downloadable_file,https://cloud-api.yandex.net/v1/disk/public/resources,Yandex public-resource metadata type is None; no file link found.
study_plan:program:bmstu:12.03.04:БМТ5:12.03.04:source:4-1,profile_plan_has_no_downloadable_file,https://cloud-api.yandex.net/v1/disk/public/resources,Yandex public-resource metadata type is None; no file link found.
study_plan:program:bmstu:15.03.04:РК9:15.03.04-61:source:2-2,profile_plan_has_no_downloadable_file,https://cloud-api.yandex.net/v1/disk/public/resources,Yandex public-resource metadata type is 'dir'; no file link found.
study_plan:program:bmstu:22.03.01:МТ8:22.03.01-61:source:1-2,profile_plan_has_no_downloadable_file,https://cloud-api.yandex.net/v1/disk/public/resources,Yandex public-resource metadata type is 'dir'; no file link found.
study_plan:program:bmstu:24.05.01:СМ2:24.05.01(АК1):source:2-1,profile_plan_has_no_downloadable_file,https://cloud-api.yandex.net/v1/disk/public/resources,Yandex public-resource metadata type is None; no file link found.
study_plan:program:bmstu:24.05.01:СМ2:24.05.01(АК1):source:2-2,profile_plan_has_no_downloadable_file,https://cloud-api.yandex.net/v1/disk/public/resources,Yandex public-resource metadata type is None; no file link found.
study_plan:program:bmstu:24.05.01:СМ2:24.05.01(АК2):source:2-3,profile_plan_has_no_downloadable_file,https://cloud-api.yandex.net/v1/disk/public/resources,Yandex public-resource metadata type is None; no file link found.
source_artifact:url-sha256:9172a3c8aeebd1d5043f9e20ff188cdf5c16720325d103668476b5939a11106c,official_source_fetch_failed,https://cloud-api.yandex.net/v1/disk/public/resources,RuntimeError: official source fetch failed (http_error): https://cloud-api.yandex.net/v1/disk/public/resources
study_plan:program:bmstu:27.03.05:ИБМ3:27.03.05/03:source:2-1,profile_plan_has_no_downloadable_file,https://cloud-api.yandex.net/v1/disk/public/resources,Yandex public-resource metadata type is None; no file link found.
study_plan:program:bmstu:27.03.05:ИБМ3:27.03.05/09:source:2-2,profile_plan_has_no_downloadable_file,https://cloud-api.yandex.net/v1/disk/public/resources,Yandex public-resource metadata type is None; no file link found.
study_plan:program:bmstu:27.03.05:ИБМ4:27.03.05/04:source:3-1,profile_plan_has_no_downloadable_file,https://cloud-api.yandex.net/v1/disk/public/resources,Yandex public-resource metadata type is None; no file link found.
study_plan:program:bmstu:27.03.05:ИБМ5:27.03.05/05:source:4-1,profile_plan_has_no_downloadable_file,https://cloud-api.yandex.net/v1/disk/public/resources,Yandex public-resource metadata type is None; no file link found.
study_plan:program:bmstu:27.03.05:ИБМ7:27.03.05/07:source:5-1,profile_plan_has_no_downloadable_file,https://cloud-api.yandex.net/v1/disk/public/resources,Yandex public-resource metadata type is None; no file link found.
tuition:bmstu:40.05.03:2026-2027:table1:row51,tuition_direction_unresolved,https://isot.bmstu.ru/edu/cost,Direction code 40.05.03 is not in the included Moscow catalog.
tuition:bmstu:01.04.03:2026-2027:table2:row2,tuition_direction_unresolved,https://isot.bmstu.ru/edu/cost,Direction code 01.04.03 is not in the included Moscow catalog.
tuition:bmstu:01.04.04:2026-2027:table2:row3,tuition_direction_unresolved,https://isot.bmstu.ru/edu/cost,Direction code 01.04.04 is not in the included Moscow catalog.
tuition:bmstu:02.04.01:2026-2027:table2:row4,tuition_direction_unresolved,https://isot.bmstu.ru/edu/cost,Direction code 02.04.01 is not in the included Moscow catalog.
tuition:bmstu:09.04.01:2026-2027:table2:row5,tuition_direction_unresolved,https://isot.bmstu.ru/edu/cost,Direction code 09.04.01 is not in the included Moscow catalog.
tuition:bmstu:09.04.02:2026-2027:table2:row6,tuition_direction_unresolved,https://isot.bmstu.ru/edu/cost,Direction code 09.04.02 is not in the included Moscow catalog.
tuition:bmstu:09.04.03:2026-2027:table2:row7,tuition_direction_unresolved,https://isot.bmstu.ru/edu/cost,Direction code 09.04.03 is not in the included Moscow catalog.
tuition:bmstu:09.04.04:2026-2027:table2:row8,tuition_direction_unresolved,https://isot.bmstu.ru/edu/cost,Direction code 09.04.04 is not in the included Moscow catalog.
tuition:bmstu:10.04.01:2026-2027:table2:row9,tuition_direction_unresolved,https://isot.bmstu.ru/edu/cost,Direction code 10.04.01 is not in the included Moscow catalog.
tuition:bmstu:11.04.03:2026-2027:table2:row10,tuition_direction_unresolved,https://isot.bmstu.ru/edu/cost,Direction code 11.04.03 is not in the included Moscow catalog.
tuition:bmstu:11.04.04:2026-2027:table2:row11,tuition_direction_unresolved,https://isot.bmstu.ru/edu/cost,Direction code 11.04.04 is not in the included Moscow catalog.
tuition:bmstu:12.04.02:2026-2027:table2:row12,tuition_direction_unresolved,https://isot.bmstu.ru/edu/cost,Direction code 12.04.02 is not in the included Moscow catalog.
tuition:bmstu:12.04.04:2026-2027:table2:row13,tuition_direction_unresolved,https://isot.bmstu.ru/edu/cost,Direction code 12.04.04 is not in the included Moscow catalog.
tuition:bmstu:12.04.05:2026-2027:table2:row14,tuition_direction_unresolved,https://isot.bmstu.ru/edu/cost,Direction code 12.04.05 is not in the included Moscow catalog.
tuition:bmstu:13.04.02:2026-2027:table2:row15,tuition_direction_unresolved,https://isot.bmstu.ru/edu/cost,Direction code 13.04.02 is not in the included Moscow catalog.
tuition:bmstu:13.04.03:2026-2027:table2:row16,tuition_direction_unresolved,https://isot.bmstu.ru/edu/cost,Direction code 13.04.03 is not in the included Moscow catalog.
tuition:bmstu:14.04.01:2026-2027:table2:row17,tuition_direction_unresolved,https://isot.bmstu.ru/edu/cost,Direction code 14.04.01 is not in the included Moscow catalog.
tuition:bmstu:15.04.01:2026-2027:table2:row18,tuition_direction_unresolved,https://isot.bmstu.ru/edu/cost,Direction code 15.04.01 is not in the included Moscow catalog.
tuition:bmstu:15.04.02:2026-2027:table2:row19,tuition_direction_unresolved,https://isot.bmstu.ru/edu/cost,Direction code 15.04.02 is not in the included Moscow catalog.
tuition:bmstu:15.04.03:2026-2027:table2:row20,tuition_direction_unresolved,https://isot.bmstu.ru/edu/cost,Direction code 15.04.03 is not in the included Moscow catalog.
tuition:bmstu:15.04.04:2026-2027:table2:row21,tuition_direction_unresolved,https://isot.bmstu.ru/edu/cost,Direction code 15.04.04 is not in the included Moscow catalog.
tuition:bmstu:15.04.06:2026-2027:table2:row22,tuition_direction_unresolved,https://isot.bmstu.ru/edu/cost,Direction code 15.04.06 is not in the included Moscow catalog.
tuition:bmstu:16.04.01:2026-2027:table2:row23,tuition_direction_unresolved,https://isot.bmstu.ru/edu/cost,Direction code 16.04.01 is not in the included Moscow catalog.
tuition:bmstu:16.04.02:2026-2027:table2:row24,tuition_direction_unresolved,https://isot.bmstu.ru/edu/cost,Direction code 16.04.02 is not in the included Moscow catalog.
tuition:bmstu:16.04.03:2026-2027:table2:row25,tuition_direction_unresolved,https://isot.bmstu.ru/edu/cost,Direction code 16.04.03 is not in the included Moscow catalog.
tuition:bmstu:18.04.01:2026-2027:table2:row26,tuition_direction_unresolved,https://isot.bmstu.ru/edu/cost,Direction code 18.04.01 is not in the included Moscow catalog.
tuition:bmstu:19.04.01:2026-2027:table2:row27,tuition_direction_unresolved,https://isot.bmstu.ru/edu/cost,Direction code 19.04.01 is not in the included Moscow catalog.
tuition:bmstu:20.04.01:2026-2027:table2:row28,tuition_direction_unresolved,https://isot.bmstu.ru/edu/cost,Direction code 20.04.01 is not in the included Moscow catalog.
tuition:bmstu:22.04.01:2026-2027:table2:row29,tuition_direction_unresolved,https://isot.bmstu.ru/edu/cost,Direction code 22.04.01 is not in the included Moscow catalog.
tuition:bmstu:23.04.02:2026-2027:table2:row30,tuition_direction_unresolved,https://isot.bmstu.ru/edu/cost,Direction code 23.04.02 is not in the included Moscow catalog.
tuition:bmstu:24.04.01:2026-2027:table2:row31,tuition_direction_unresolved,https://isot.bmstu.ru/edu/cost,Direction code 24.04.01 is not in the included Moscow catalog.
tuition:bmstu:24.04.03:2026-2027:table2:row32,tuition_direction_unresolved,https://isot.bmstu.ru/edu/cost,Direction code 24.04.03 is not in the included Moscow catalog.
tuition:bmstu:27.04.01:2026-2027:table2:row33,tuition_direction_unresolved,https://isot.bmstu.ru/edu/cost,Direction code 27.04.01 is not in the included Moscow catalog.
tuition:bmstu:27.04.02:2026-2027:table2:row34,tuition_direction_unresolved,https://isot.bmstu.ru/edu/cost,Direction code 27.04.02 is not in the included Moscow catalog.
tuition:bmstu:27.04.03:2026-2027:table2:row35,tuition_direction_unresolved,https://isot.bmstu.ru/edu/cost,Direction code 27.04.03 is not in the included Moscow catalog.
tuition:bmstu:27.04.04:2026-2027:table2:row36,tuition_direction_unresolved,https://isot.bmstu.ru/edu/cost,Direction code 27.04.04 is not in the included Moscow catalog.
tuition:bmstu:27.04.06:2026-2027:table2:row37,tuition_direction_unresolved,https://isot.bmstu.ru/edu/cost,Direction code 27.04.06 is not in the included Moscow catalog.
tuition:bmstu:27.04.07:2026-2027:table2:row38,tuition_direction_unresolved,https://isot.bmstu.ru/edu/cost,Direction code 27.04.07 is not in the included Moscow catalog.
tuition:bmstu:27.04.08:2026-2027:table2:row39,tuition_direction_unresolved,https://isot.bmstu.ru/edu/cost,Direction code 27.04.08 is not in the included Moscow catalog.
tuition:bmstu:28.04.02:2026-2027:table2:row40,tuition_direction_unresolved,https://isot.bmstu.ru/edu/cost,Direction code 28.04.02 is not in the included Moscow catalog.
tuition:bmstu:38.04.01:2026-2027:table2:row41,tuition_direction_unresolved,https://isot.bmstu.ru/edu/cost,Direction code 38.04.01 is not in the included Moscow catalog.
tuition:bmstu:38.04.02:2026-2027:table2:row42,tuition_direction_unresolved,https://isot.bmstu.ru/edu/cost,Direction code 38.04.02 is not in the included Moscow catalog.
tuition:bmstu:39.04.01:2026-2027:table2:row43,tuition_direction_unresolved,https://isot.bmstu.ru/edu/cost,Direction code 39.04.01 is not in the included Moscow catalog.
tuition:bmstu:45.04.02:2026-2027:table2:row44,tuition_direction_unresolved,https://isot.bmstu.ru/edu/cost,Direction code 45.04.02 is not in the included Moscow catalog.
tuition:bmstu:54.04.01:2026-2027:table2:row45,tuition_direction_unresolved,https://isot.bmstu.ru/edu/cost,Direction code 54.04.01 is not in the included Moscow catalog.
tuition:bmstu:40.05.03:2025-2026:table3:row19,tuition_direction_unresolved,https://isot.bmstu.ru/edu/cost,Direction code 40.05.03 is not in the included Moscow catalog.
tuition:bmstu:19.03.01:2025-2026:table4:row24,tuition_direction_unresolved,https://isot.bmstu.ru/edu/cost,Direction code 19.03.01 is not in the included Moscow catalog.
tuition:bmstu:39.03.01:2025-2026:table4:row35,tuition_direction_unresolved,https://isot.bmstu.ru/edu/cost,Direction code 39.03.01 is not in the included Moscow catalog.
tuition:bmstu:01.04.03:2025-2026:table5:row2,tuition_direction_unresolved,https://isot.bmstu.ru/edu/cost,Direction code 01.04.03 is not in the included Moscow catalog.
tuition:bmstu:01.04.04:2025-2026:table5:row3,tuition_direction_unresolved,https://isot.bmstu.ru/edu/cost,Direction code 01.04.04 is not in the included Moscow catalog.
tuition:bmstu:09.04.01:2025-2026:table5:row4,tuition_direction_unresolved,https://isot.bmstu.ru/edu/cost,Direction code 09.04.01 is not in the included Moscow catalog.
tuition:bmstu:09.04.02:2025-2026:table5:row5,tuition_direction_unresolved,https://isot.bmstu.ru/edu/cost,Direction code 09.04.02 is not in the included Moscow catalog.
tuition:bmstu:09.04.03:2025-2026:table5:row6,tuition_direction_unresolved,https://isot.bmstu.ru/edu/cost,Direction code 09.04.03 is not in the included Moscow catalog.
tuition:bmstu:09.04.04:2025-2026:table5:row7,tuition_direction_unresolved,https://isot.bmstu.ru/edu/cost,Direction code 09.04.04 is not in the included Moscow catalog.
tuition:bmstu:10.04.01:2025-2026:table5:row8,tuition_direction_unresolved,https://isot.bmstu.ru/edu/cost,Direction code 10.04.01 is not in the included Moscow catalog.
tuition:bmstu:11.04.03:2025-2026:table5:row9,tuition_direction_unresolved,https://isot.bmstu.ru/edu/cost,Direction code 11.04.03 is not in the included Moscow catalog.
tuition:bmstu:11.04.04:2025-2026:table5:row10,tuition_direction_unresolved,https://isot.bmstu.ru/edu/cost,Direction code 11.04.04 is not in the included Moscow catalog.
tuition:bmstu:12.04.02:2025-2026:table5:row11,tuition_direction_unresolved,https://isot.bmstu.ru/edu/cost,Direction code 12.04.02 is not in the included Moscow catalog.
tuition:bmstu:12.04.04:2025-2026:table5:row12,tuition_direction_unresolved,https://isot.bmstu.ru/edu/cost,Direction code 12.04.04 is not in the included Moscow catalog.
tuition:bmstu:12.04.05:2025-2026:table5:row13,tuition_direction_unresolved,https://isot.bmstu.ru/edu/cost,Direction code 12.04.05 is not in the included Moscow catalog.
tuition:bmstu:13.04.02:2025-2026:table5:row14,tuition_direction_unresolved,https://isot.bmstu.ru/edu/cost,Direction code 13.04.02 is not in the included Moscow catalog.
tuition:bmstu:13.04.03:2025-2026:table5:row15,tuition_direction_unresolved,https://isot.bmstu.ru/edu/cost,Direction code 13.04.03 is not in the included Moscow catalog.
tuition:bmstu:14.04.01:2025-2026:table5:row16,tuition_direction_unresolved,https://isot.bmstu.ru/edu/cost,Direction code 14.04.01 is not in the included Moscow catalog.
tuition:bmstu:15.04.01:2025-2026:table5:row17,tuition_direction_unresolved,https://isot.bmstu.ru/edu/cost,Direction code 15.04.01 is not in the included Moscow catalog.
tuition:bmstu:15.04.02:2025-2026:table5:row18,tuition_direction_unresolved,https://isot.bmstu.ru/edu/cost,Direction code 15.04.02 is not in the included Moscow catalog.
tuition:bmstu:15.04.03:2025-2026:table5:row19,tuition_direction_unresolved,https://isot.bmstu.ru/edu/cost,Direction code 15.04.03 is not in the included Moscow catalog.
tuition:bmstu:15.04.04:2025-2026:table5:row20,tuition_direction_unresolved,https://isot.bmstu.ru/edu/cost,Direction code 15.04.04 is not in the included Moscow catalog.
tuition:bmstu:15.04.06:2025-2026:table5:row21,tuition_direction_unresolved,https://isot.bmstu.ru/edu/cost,Direction code 15.04.06 is not in the included Moscow catalog.
tuition:bmstu:16.04.01:2025-2026:table5:row22,tuition_direction_unresolved,https://isot.bmstu.ru/edu/cost,Direction code 16.04.01 is not in the included Moscow catalog.
tuition:bmstu:16.04.02:2025-2026:table5:row23,tuition_direction_unresolved,https://isot.bmstu.ru/edu/cost,Direction code 16.04.02 is not in the included Moscow catalog.
tuition:bmstu:16.04.03:2025-2026:table5:row24,tuition_direction_unresolved,https://isot.bmstu.ru/edu/cost,Direction code 16.04.03 is not in the included Moscow catalog.
tuition:bmstu:18.04.01:2025-2026:table5:row25,tuition_direction_unresolved,https://isot.bmstu.ru/edu/cost,Direction code 18.04.01 is not in the included Moscow catalog.
tuition:bmstu:19.04.01:2025-2026:table5:row26,tuition_direction_unresolved,https://isot.bmstu.ru/edu/cost,Direction code 19.04.01 is not in the included Moscow catalog.
tuition:bmstu:20.04.01:2025-2026:table5:row27,tuition_direction_unresolved,https://isot.bmstu.ru/edu/cost,Direction code 20.04.01 is not in the included Moscow catalog.
tuition:bmstu:22.04.01:2025-2026:table5:row28,tuition_direction_unresolved,https://isot.bmstu.ru/edu/cost,Direction code 22.04.01 is not in the included Moscow catalog.
tuition:bmstu:23.04.02:2025-2026:table5:row29,tuition_direction_unresolved,https://isot.bmstu.ru/edu/cost,Direction code 23.04.02 is not in the included Moscow catalog.
tuition:bmstu:24.04.01:2025-2026:table5:row30,tuition_direction_unresolved,https://isot.bmstu.ru/edu/cost,Direction code 24.04.01 is not in the included Moscow catalog.
tuition:bmstu:24.04.03:2025-2026:table5:row31,tuition_direction_unresolved,https://isot.bmstu.ru/edu/cost,Direction code 24.04.03 is not in the included Moscow catalog.
tuition:bmstu:27.04.01:2025-2026:table5:row32,tuition_direction_unresolved,https://isot.bmstu.ru/edu/cost,Direction code 27.04.01 is not in the included Moscow catalog.
tuition:bmstu:27.04.02:2025-2026:table5:row33,tuition_direction_unresolved,https://isot.bmstu.ru/edu/cost,Direction code 27.04.02 is not in the included Moscow catalog.
tuition:bmstu:27.04.03:2025-2026:table5:row34,tuition_direction_unresolved,https://isot.bmstu.ru/edu/cost,Direction code 27.04.03 is not in the included Moscow catalog.
tuition:bmstu:27.04.04:2025-2026:table5:row35,tuition_direction_unresolved,https://isot.bmstu.ru/edu/cost,Direction code 27.04.04 is not in the included Moscow catalog.
tuition:bmstu:27.04.06:2025-2026:table5:row36,tuition_direction_unresolved,https://isot.bmstu.ru/edu/cost,Direction code 27.04.06 is not in the included Moscow catalog.
tuition:bmstu:27.04.07:2025-2026:table5:row37,tuition_direction_unresolved,https://isot.bmstu.ru/edu/cost,Direction code 27.04.07 is not in the included Moscow catalog.
tuition:bmstu:27.04.08:2025-2026:table5:row38,tuition_direction_unresolved,https://isot.bmstu.ru/edu/cost,Direction code 27.04.08 is not in the included Moscow catalog.
tuition:bmstu:28.04.02:2025-2026:table5:row39,tuition_direction_unresolved,https://isot.bmstu.ru/edu/cost,Direction code 28.04.02 is not in the included Moscow catalog.
tuition:bmstu:38.04.01:2025-2026:table5:row40,tuition_direction_unresolved,https://isot.bmstu.ru/edu/cost,Direction code 38.04.01 is not in the included Moscow catalog.
tuition:bmstu:38.04.02:2025-2026:table5:row41,tuition_direction_unresolved,https://isot.bmstu.ru/edu/cost,Direction code 38.04.02 is not in the included Moscow catalog.
tuition:bmstu:39.04.01:2025-2026:table5:row42,tuition_direction_unresolved,https://isot.bmstu.ru/edu/cost,Direction code 39.04.01 is not in the included Moscow catalog.
tuition:bmstu:45.04.02:2025-2026:table5:row43,tuition_direction_unresolved,https://isot.bmstu.ru/edu/cost,Direction code 45.04.02 is not in the included Moscow catalog.
tuition:bmstu:54.04.01:2025-2026:table5:row44,tuition_direction_unresolved,https://isot.bmstu.ru/edu/cost,Direction code 54.04.01 is not in the included Moscow catalog.
tuition:bmstu:40.05.03:2024-2025:table6:row19,tuition_direction_unresolved,https://isot.bmstu.ru/edu/cost,Direction code 40.05.03 is not in the included Moscow catalog.
tuition:bmstu:12.03.02:2024-2025:table7:row12,tuition_direction_unresolved,https://isot.bmstu.ru/edu/cost,Direction code 12.03.02 is not in the included Moscow catalog.
tuition:bmstu:19.03.01:2024-2025:table7:row25,tuition_direction_unresolved,https://isot.bmstu.ru/edu/cost,Direction code 19.03.01 is not in the included Moscow catalog.
tuition:bmstu:39.03.01:2024-2025:table7:row36,tuition_direction_unresolved,https://isot.bmstu.ru/edu/cost,Direction code 39.03.01 is not in the included Moscow catalog.
tuition:bmstu:40.05.03:2023-2024:table8:row19,tuition_direction_unresolved,https://isot.bmstu.ru/edu/cost,Direction code 40.05.03 is not in the included Moscow catalog.
tuition:bmstu:12.03.02:2023-2024:table9:row12,tuition_direction_unresolved,https://isot.bmstu.ru/edu/cost,Direction code 12.03.02 is not in the included Moscow catalog.
tuition:bmstu:14.03.01:2023-2024:table9:row17,tuition_direction_unresolved,https://isot.bmstu.ru/edu/cost,Direction code 14.03.01 is not in the included Moscow catalog.
tuition:bmstu:39.03.01:2023-2024:table9:row36,tuition_direction_unresolved,https://isot.bmstu.ru/edu/cost,Direction code 39.03.01 is not in the included Moscow catalog.
tuition:bmstu:40.05.03:2022-2023:table10:row19,tuition_direction_unresolved,https://isot.bmstu.ru/edu/cost,Direction code 40.05.03 is not in the included Moscow catalog.
tuition:bmstu:official-table-campus-scope,tuition_campus_scope_not_explicit,https://isot.bmstu.ru/edu/cost,The official prices are published by direction code but do not identify a separate campus per row; confirm their applicability to the Moscow head campus.
admission_statistic:bmstu:2025:01.03.02:paid:ИУ9К,historical_statistic_department_unresolved,https://course.bmstu.ru/edu/abiturient/,Department code ИУ9К is not in the included Moscow catalog.
admission_statistic:bmstu:2021:02.03.01:paid:АК3,historical_statistic_department_unresolved,https://course.bmstu.ru/edu/abiturient/,Department code АК3 is not in the included Moscow catalog.
admission_statistic:bmstu:2025:09.03.01:paid:РТ5,historical_statistic_department_unresolved,https://course.bmstu.ru/edu/abiturient/,Department code РТ5 is not in the included Moscow catalog.
admission_statistic:bmstu:2023:09.03.01:paid:РТ5,historical_statistic_department_unresolved,https://course.bmstu.ru/edu/abiturient/,Department code РТ5 is not in the included Moscow catalog.
admission_statistic:bmstu:2022:09.03.01:paid:РТ5,historical_statistic_department_unresolved,https://course.bmstu.ru/edu/abiturient/,Department code РТ5 is not in the included Moscow catalog.
admission_statistic:bmstu:2021:09.03.01:paid:РТ5,historical_statistic_department_unresolved,https://course.bmstu.ru/edu/abiturient/,Department code РТ5 is not in the included Moscow catalog.
admission_statistic:bmstu:2020:09.03.01:paid:РТ5,historical_statistic_department_unresolved,https://course.bmstu.ru/edu/abiturient/,Department code РТ5 is not in the included Moscow catalog.
admission_statistic:bmstu:2025:09.03.01:paid:ИУ5К,historical_statistic_department_unresolved,https://course.bmstu.ru/edu/abiturient/,Department code ИУ5К is not in the included Moscow catalog.
admission_statistic:bmstu:2025:11.03.03:paid:ИУ4К,historical_statistic_department_unresolved,https://course.bmstu.ru/edu/abiturient/,Department code ИУ4К is not in the included Moscow catalog.
admission_statistic:bmstu:2023:11.05.01:paid:РТ1,historical_statistic_department_unresolved,https://course.bmstu.ru/edu/abiturient/,Department code РТ1 is not in the included Moscow catalog.
admission_statistic:bmstu:2024:12.03.02:paid:direction,historical_statistic_direction_unresolved,https://course.bmstu.ru/edu/abiturient/,Direction code 12.03.02 is not in the included Moscow catalog.
admission_statistic:bmstu:2021:12.03.02:paid:direction,historical_statistic_direction_unresolved,https://course.bmstu.ru/edu/abiturient/,Direction code 12.03.02 is not in the included Moscow catalog.
admission_statistic:bmstu:2024:12.03.02:paid:РЛ2,historical_statistic_direction_unresolved,https://course.bmstu.ru/edu/abiturient/,Direction code 12.03.02 is not in the included Moscow catalog.
admission_statistic:bmstu:2021:12.03.02:paid:РЛ2,historical_statistic_direction_unresolved,https://course.bmstu.ru/edu/abiturient/,Direction code 12.03.02 is not in the included Moscow catalog.
admission_statistic:bmstu:2022:14.03.01:paid:direction,historical_statistic_direction_unresolved,https://course.bmstu.ru/edu/abiturient/,Direction code 14.03.01 is not in the included Moscow catalog.
admission_statistic:bmstu:2021:14.03.01:paid:direction,historical_statistic_direction_unresolved,https://course.bmstu.ru/edu/abiturient/,Direction code 14.03.01 is not in the included Moscow catalog.
admission_statistic:bmstu:2020:14.03.01:paid:direction,historical_statistic_direction_unresolved,https://course.bmstu.ru/edu/abiturient/,Direction code 14.03.01 is not in the included Moscow catalog.
admission_statistic:bmstu:2021:14.03.01:paid:Э4,historical_statistic_direction_unresolved,https://course.bmstu.ru/edu/abiturient/,Direction code 14.03.01 is not in the included Moscow catalog.
admission_statistic:bmstu:2022:14.03.01:paid:Э6,historical_statistic_direction_unresolved,https://course.bmstu.ru/edu/abiturient/,Direction code 14.03.01 is not in the included Moscow catalog.
admission_statistic:bmstu:2021:14.03.01:paid:Э6,historical_statistic_direction_unresolved,https://course.bmstu.ru/edu/abiturient/,Direction code 14.03.01 is not in the included Moscow catalog.
admission_statistic:bmstu:2020:14.03.01:paid:Э6,historical_statistic_direction_unresolved,https://course.bmstu.ru/edu/abiturient/,Direction code 14.03.01 is not in the included Moscow catalog.
admission_statistic:bmstu:2025:19.03.01:paid:direction,historical_statistic_direction_unresolved,https://course.bmstu.ru/edu/abiturient/,Direction code 19.03.01 is not in the included Moscow catalog.
admission_statistic:bmstu:2025:19.03.01:paid:БМТ3,historical_statistic_direction_unresolved,https://course.bmstu.ru/edu/abiturient/,Direction code 19.03.01 is not in the included Moscow catalog.
admission_statistic:bmstu:2025:24.05.01:paid:АК1,historical_statistic_department_unresolved,https://course.bmstu.ru/edu/abiturient/,Department code АК1 is not in the included Moscow catalog.
admission_statistic:bmstu:2025:24.05.01:paid:ПС3,historical_statistic_department_unresolved,https://course.bmstu.ru/edu/abiturient/,Department code ПС3 is not in the included Moscow catalog.
admission_statistic:bmstu:2024:24.05.01:paid:ПС3,historical_statistic_department_unresolved,https://course.bmstu.ru/edu/abiturient/,Department code ПС3 is not in the included Moscow catalog.
admission_statistic:bmstu:2025:24.05.06:paid:ПС2,historical_statistic_department_unresolved,https://course.bmstu.ru/edu/abiturient/,Department code ПС2 is not in the included Moscow catalog.
admission_statistic:bmstu:2021:24.05.06:paid:ПС4,historical_statistic_department_unresolved,https://course.bmstu.ru/edu/abiturient/,Department code ПС4 is not in the included Moscow catalog.
admission_statistic:bmstu:2021:24.05.06:paid:РТ4,historical_statistic_department_unresolved,https://course.bmstu.ru/edu/abiturient/,Department code РТ4 is not in the included Moscow catalog.
admission_statistic:bmstu:2025:27.03.05:paid:ИБМ3К,historical_statistic_department_unresolved,https://course.bmstu.ru/edu/abiturient/,Department code ИБМ3К is not in the included Moscow catalog.
admission_statistic:bmstu:2025:38.03.05:paid:ИБМ3К,historical_statistic_department_unresolved,https://course.bmstu.ru/edu/abiturient/,Department code ИБМ3К is not in the included Moscow catalog.
admission_statistic:bmstu:2025:39.03.01:paid:direction,historical_statistic_direction_unresolved,https://course.bmstu.ru/edu/abiturient/,Direction code 39.03.01 is not in the included Moscow catalog.
admission_statistic:bmstu:2024:39.03.01:paid:direction,historical_statistic_direction_unresolved,https://course.bmstu.ru/edu/abiturient/,Direction code 39.03.01 is not in the included Moscow catalog.
admission_statistic:bmstu:2023:39.03.01:paid:direction,historical_statistic_direction_unresolved,https://course.bmstu.ru/edu/abiturient/,Direction code 39.03.01 is not in the included Moscow catalog.
admission_statistic:bmstu:2022:39.03.01:paid:direction,historical_statistic_direction_unresolved,https://course.bmstu.ru/edu/abiturient/,Direction code 39.03.01 is not in the included Moscow catalog.
admission_statistic:bmstu:2021:39.03.01:paid:direction,historical_statistic_direction_unresolved,https://course.bmstu.ru/edu/abiturient/,Direction code 39.03.01 is not in the included Moscow catalog.
admission_statistic:bmstu:2020:39.03.01:paid:direction,historical_statistic_direction_unresolved,https://course.bmstu.ru/edu/abiturient/,Direction code 39.03.01 is not in the included Moscow catalog.
admission_statistic:bmstu:2025:39.03.01:paid:СГН2,historical_statistic_direction_unresolved,https://course.bmstu.ru/edu/abiturient/,Direction code 39.03.01 is not in the included Moscow catalog.
admission_statistic:bmstu:2025:39.03.01:paid:СГН2,historical_statistic_department_unresolved,https://course.bmstu.ru/edu/abiturient/,Department code СГН2 is not in the included Moscow catalog.
admission_statistic:bmstu:2024:39.03.01:paid:СГН2,historical_statistic_direction_unresolved,https://course.bmstu.ru/edu/abiturient/,Direction code 39.03.01 is not in the included Moscow catalog.
admission_statistic:bmstu:2024:39.03.01:paid:СГН2,historical_statistic_department_unresolved,https://course.bmstu.ru/edu/abiturient/,Department code СГН2 is not in the included Moscow catalog.
admission_statistic:bmstu:2023:39.03.01:paid:СГН2,historical_statistic_direction_unresolved,https://course.bmstu.ru/edu/abiturient/,Direction code 39.03.01 is not in the included Moscow catalog.
admission_statistic:bmstu:2023:39.03.01:paid:СГН2,historical_statistic_department_unresolved,https://course.bmstu.ru/edu/abiturient/,Department code СГН2 is not in the included Moscow catalog.
admission_statistic:bmstu:2022:39.03.01:paid:СГН2,historical_statistic_direction_unresolved,https://course.bmstu.ru/edu/abiturient/,Direction code 39.03.01 is not in the included Moscow catalog.
admission_statistic:bmstu:2022:39.03.01:paid:СГН2,historical_statistic_department_unresolved,https://course.bmstu.ru/edu/abiturient/,Department code СГН2 is not in the included Moscow catalog.
admission_statistic:bmstu:2021:39.03.01:paid:СГН2,historical_statistic_direction_unresolved,https://course.bmstu.ru/edu/abiturient/,Direction code 39.03.01 is not in the included Moscow catalog.
admission_statistic:bmstu:2021:39.03.01:paid:СГН2,historical_statistic_department_unresolved,https://course.bmstu.ru/edu/abiturient/,Department code СГН2 is not in the included Moscow catalog.
admission_statistic:bmstu:2020:39.03.01:paid:СГН2,historical_statistic_direction_unresolved,https://course.bmstu.ru/edu/abiturient/,Direction code 39.03.01 is not in the included Moscow catalog.
admission_statistic:bmstu:2020:39.03.01:paid:СГН2,historical_statistic_department_unresolved,https://course.bmstu.ru/edu/abiturient/,Department code СГН2 is not in the included Moscow catalog.
admission_statistic:bmstu:2025:40.05.03:paid:direction,historical_statistic_direction_unresolved,https://course.bmstu.ru/edu/abiturient/,Direction code 40.05.03 is not in the included Moscow catalog.
admission_statistic:bmstu:2024:40.05.03:paid:direction,historical_statistic_direction_unresolved,https://course.bmstu.ru/edu/abiturient/,Direction code 40.05.03 is not in the included Moscow catalog.
admission_statistic:bmstu:2023:40.05.03:paid:direction,historical_statistic_direction_unresolved,https://course.bmstu.ru/edu/abiturient/,Direction code 40.05.03 is not in the included Moscow catalog.
admission_statistic:bmstu:2022:40.05.03:paid:direction,historical_statistic_direction_unresolved,https://course.bmstu.ru/edu/abiturient/,Direction code 40.05.03 is not in the included Moscow catalog.
admission_statistic:bmstu:2021:40.05.03:paid:direction,historical_statistic_direction_unresolved,https://course.bmstu.ru/edu/abiturient/,Direction code 40.05.03 is not in the included Moscow catalog.
admission_statistic:bmstu:2020:40.05.03:paid:direction,historical_statistic_direction_unresolved,https://course.bmstu.ru/edu/abiturient/,Direction code 40.05.03 is not in the included Moscow catalog.
admission_statistic:bmstu:2025:40.05.03:paid:ЮР,historical_statistic_direction_unresolved,https://course.bmstu.ru/edu/abiturient/,Direction code 40.05.03 is not in the included Moscow catalog.
admission_statistic:bmstu:2024:40.05.03:paid:ЮР,historical_statistic_direction_unresolved,https://course.bmstu.ru/edu/abiturient/,Direction code 40.05.03 is not in the included Moscow catalog.
admission_statistic:bmstu:2023:40.05.03:paid:ЮР,historical_statistic_direction_unresolved,https://course.bmstu.ru/edu/abiturient/,Direction code 40.05.03 is not in the included Moscow catalog.
admission_statistic:bmstu:2022:40.05.03:paid:ЮР,historical_statistic_direction_unresolved,https://course.bmstu.ru/edu/abiturient/,Direction code 40.05.03 is not in the included Moscow catalog.
admission_statistic:bmstu:2021:40.05.03:paid:ЮР,historical_statistic_direction_unresolved,https://course.bmstu.ru/edu/abiturient/,Direction code 40.05.03 is not in the included Moscow catalog.
admission_statistic:bmstu:2020:40.05.03:paid:ЮР,historical_statistic_direction_unresolved,https://course.bmstu.ru/edu/abiturient/,Direction code 40.05.03 is not in the included Moscow catalog.
historical-admission-statistics:bmstu,historical_statistic_campus_scope_not_explicit,https://course.bmstu.ru/edu/abiturient/,"The official outcomes table is not split by campus; rows are attached only by exact direction and department codes, and head-campus scope should be confirmed."
admission_result_source:bmstu:manifest:1,final_order_parse_warning,https://priem.bmstu.ru/lists/upload/orders/first_msk_zero.pdf,row_without_score_or_bvi:page=10;row=182;row_without_score_or_bvi:page=23;row=453;row_without_score_or_bvi:page=28;row=556;row_without_score_or_bvi:page=28;row=560;row_without_score_or_bvi:page=40;row=789;row_without_score_or_bvi:page=53;row=1028;row_without_score_or_bvi:page=57;row=1095;row_without_score_or_bvi:page=73;row=1382
admission_result_source:bmstu:manifest:4,final_order_parse_warning,https://priem.bmstu.ru/lists/upload/orders/first_msk_main.pdf,competition_heading_unknown:page=1;section=1;competition_heading_unknown:page=1;section=1;competition_heading_unknown:page=1;section=1;competition_heading_unknown:page=1;section=1;competition_heading_unknown:page=1;section=1;competition_heading_unknown:page=1;section=1;competition_heading_unknown:page=1;section=1;competition_heading_unknown:page=1;section=1;competition_heading_unknown:page=1;section=1;competition_heading_unknown:page=1;section=1;competition_heading_unknown:page=1;section=1;competition_heading_unknown:page=1;section=1;competition_heading_unknown:page=1;section=1;competition_heading_unknown:page=1;section=1;competition_heading_unknown:page=1;section=1;competition_heading_unknown:page=1;section=1;competition_heading_unknown:page=1;section=1;competition_heading_unknown:page=1;section=1;competition_heading_unknown:page=2;section=1;competition_heading_unknown:page=2;section=1;competition_heading_unknown:page=2;section=1;competition_heading_unknown:page=2;section=1;competition_heading_unknown:page=2;section=1;competition_heading_unknown:page=2;section=1;competition_heading_unknown:page=2;section=1;competition_heading_unknown:page=2;section=1;competition_heading_unknown:page=2;section=1;competition_heading_unknown:page=2;section=1;competition_heading_unknown:page=2;section=1;competition_heading_unknown:page=2;section=1;competition_heading_unknown:page=2;section=1;competition_heading_unknown:page=2;section=1;competition_heading_unknown:page=2;section=1;competition_heading_unknown:page=2;section=1;competition_heading_unknown:page=2;section=1;competition_heading_unknown:page=2;section=1;competition_heading_unknown:page=2;section=1;competition_heading_unknown:page=2;section=1;competition_heading_unknown:page=2;section=1;competition_heading_unknown:page=3;section=2;competition_heading_unknown:page=3;section=2;competition_heading_unknown:page=3;section=2;competition_heading_unknown:page=3;section=2;competition_heading_unknown:page=3;section=2;competition_heading_unknown:page=3;section=2;competition_heading_unknown:page=3;section=2;competition_heading_unknown:page=3;section=2;competition_heading_unknown:page=3;section=2;competition_heading_unknown:page=3;section=2;competition_heading_unknown:page=3;section=2;competition_heading_unknown:page=3;section=2;competition_heading_unknown:page=3;section=2;competition_heading_unknown:page=3;section=2;competition_heading_unknown:page=3;section=2;competition_heading_unknown:page=3;section=2;competition_heading_unknown:page=3;section=2;competition_heading_unknown:page=3;section=2;competition_heading_unknown:page=3;section=2;competition_heading_unknown:page=3;section=2;competition_heading_unknown:page=3;section=2;competition_heading_unknown:page=3;section=2;competition_heading_unknown:page=3;section=2;competition_heading_unknown:page=4;section=2;competition_heading_unknown:page=4;section=2;competition_heading_unknown:page=4;section=2;competition_heading_unknown:page=4;section=2;competition_heading_unknown:page=4;section=2;competition_heading_unknown:page=4;section=2;competition_heading_unknown:page=4;section=2;competition_heading_unknown:page=4;section=2;competition_heading_unknown:page=4;section=2;competition_heading_unknown:page=4;section=2;competition_heading_unknown:page=4;section=2;competition_heading_unknown:page=4;section=2;competition_heading_unknown:page=4;section=2;competition_heading_unknown:page=4;section=3;competition_heading_unknown:page=4;section=3;competition_heading_unknown:page=4;section=3;competition_heading_unknown:page=4;section=3;competition_heading_unknown:page=4;section=3;competition_heading_unknown:page=4;section=3;competition_heading_unknown:page=4;section=3;competition_heading_unknown:page=4;section=3;competition_heading_unknown:page=5;section=3;competition_heading_unknown:page=5;section=3;competition_heading_unknown:page=5;section=3;competition_heading_unknown:page=5;section=3;competition_heading_unknown:page=5;section=3;competition_heading_unknown:page=5;section=3;competition_heading_unknown:page=5;section=3;competition_heading_unknown:page=5;section=3;competition_heading_unknown:page=5;section=3;competition_heading_unknown:page=5;section=3;competition_heading_unknown:page=5;section=3;competition_heading_unknown:page=5;section=3;competition_heading_unknown:page=5;section=3;competition_heading_unknown:page=5;section=4;competition_heading_unknown:page=5;section=4;competition_heading_unknown:page=5;section=4;competition_heading_unknown:page=5;section=4;competition_heading_unknown:page=5;section=4;competition_heading_unknown:page=5;section=4;competition_heading_unknown:page=5;section=4;competition_heading_unknown:page=5;section=4;competition_heading_unknown:page=6;section=4;competition_heading_unknown:page=6;section=4;competition_heading_unknown:page=6;section=4;competition_heading_unknown:page=6;section=4;competition_heading_unknown:page=6;section=4;competition_heading_unknown:page=6;section=4;competition_heading_unknown:page=6;section=4;competition_heading_unknown:page=6;section=4;competition_heading_unknown:page=6;section=4;competition_heading_unknown:page=6;section=4;competition_heading_unknown:page=6;section=4;competition_heading_unknown:page=6;section=4;competition_heading_unknown:page=6;section=4;competition_heading_unknown:page=6;section=4;competition_heading_unknown:page=6;section=4;competition_heading_unknown:page=6;section=4;competition_heading_unknown:page=6;section=4;competition_heading_unknown:page=6;section=4;competition_heading_unknown:page=6;section=4;competition_heading_unknown:page=6;section=4;competition_heading_unknown:page=6;section=4;competition_heading_unknown:page=6;section=4;competition_heading_unknown:page=6;section=4;competition_heading_unknown:page=7;section=4;competition_heading_unknown:page=7;section=4;competition_heading_unknown:page=7;section=4;competition_heading_unknown:page=7;section=4;competition_heading_unknown:page=7;section=4;competition_heading_unknown:page=7;section=4;competition_heading_unknown:page=7;section=4;competition_heading_unknown:page=7;section=4;competition_heading_unknown:page=7;section=4;competition_heading_unknown:page=7;section=4;competition_heading_unknown:page=7;section=4;competition_heading_unknown:page=7;section=4;competition_heading_unknown:page=7;section=4;competition_heading_unknown:page=7;section=4;competition_heading_unknown:page=7;section=4;competition_heading_unknown:page=7;section=4;competition_heading_unknown:page=7;section=4;competition_heading_unknown:page=7;section=4;competition_heading_unknown:page=7;section=4;competition_heading_unknown:page=7;section=4;competition_heading_unknown:page=7;section=4;competition_heading_unknown:page=7;section=4;competition_heading_unknown:page=7;section=4;competition_heading_unknown:page=8;section=4;competition_heading_unknown:page=8;section=4;competition_heading_unknown:page=8;section=4;competition_heading_unknown:page=8;section=4;competition_heading_unknown:page=8;section=4;competition_heading_unknown:page=8;section=4;competition_heading_unknown:page=8;section=4;competition_heading_unknown:page=8;section=4;competition_heading_unknown:page=8;section=4;competition_heading_unknown:page=8;section=4;competition_heading_unknown:page=8;section=4;competition_heading_unknown:page=8;section=4;competition_heading_unknown:page=8;section=4;competition_heading_unknown:page=8;section=4;competition_heading_unknown:page=8;section=4;competition_heading_unknown:page=8;section=4;competition_heading_unknown:page=8;section=4;competition_heading_unknown:page=8;section=4;competition_heading_unknown:page=8;section=4;competition_heading_unknown:page=8;section=4;competition_heading_unknown:page=8;section=4;competition_heading_unknown:page=8;section=4;competition_heading_unknown:page=8;section=4;competition_heading_unknown:page=9;section=4;competition_heading_unknown:page=9;section=4;competition_heading_unknown:page=9;section=4;competition_heading_unknown:page=9;section=4;competition_heading_unknown:page=9;section=4;competition_heading_unknown:page=9;section=4;competition_heading_unknown:page=9;section=4;competition_heading_unknown:page=9;section=4;competition_heading_unknown:page=9;section=4;competition_heading_unknown:page=9;section=4;competition_heading_unknown:page=9;section=4;competition_heading_unknown:page=9;section=4;competition_heading_unknown:page=9;section=4;competition_heading_unknown:page=9;section=4;competition_heading_unknown:page=9;section=4;competition_heading_unknown:page=9;section=4;competition_heading_unknown:page=9;section=4;competition_heading_unknown:page=9;section=4;competition_heading_unknown:page=9;section=4;competition_heading_unknown:page=9;section=4;competition_heading_unknown:page=9;section=4;competition_heading_unknown:page=9;section=4;competition_heading_unknown:page=9;section=4;competition_heading_unknown:page=10;section=4;competition_heading_unknown:page=10;section=4;competition_heading_unknown:page=10;section=4;competition_heading_unknown:page=10;section=4;competition_heading_unknown:page=10;section=4;competition_heading_unknown:page=10;section=4;competition_heading_unknown:page=10;section=4;competition_heading_unknown:page=10;section=4;competition_heading_unknown:page=10;section=4;competition_heading_unknown:page=10;section=4;competition_heading_unknown:page=10;section=5;competition_heading_unknown:page=10;section=5;competition_heading_unknown:page=10;section=5;competition_heading_unknown:page=10;section=5;competition_heading_unknown:page=10;section=5;competition_heading_unknown:page=10;section=5;competition_heading_unknown:page=10;section=5;competition_heading_unknown:page=10;section=5;competition_heading_unknown:page=10;section=5;competition_heading_unknown:page=10;section=5;competition_heading_unknown:page=10;section=5;competition_heading_unknown:page=10;section=5;competition_heading_unknown:page=11;section=5;competition_heading_unknown:page=11;section=5;competition_heading_unknown:page=11;section=5;competition_heading_unknown:page=11;section=5;competition_heading_unknown:page=11;section=5;competition_heading_unknown:page=11;section=5;competition_heading_unknown:page=11;section=6;competition_heading_unknown:page=11;section=6;competition_heading_unknown:page=11;section=6;competition_heading_unknown:page=11;section=6;competition_heading_unknown:page=11;section=6;competition_heading_unknown:page=11;section=6;competition_heading_unknown:page=11;section=6;competition_heading_unknown:page=11;section=6;competition_heading_unknown:page=11;section=6;competition_heading_unknown:page=11;section=6;competition_heading_unknown:page=11;section=6;competition_heading_unknown:page=11;section=6;competition_heading_unknown:page=11;section=6;competition_heading_unknown:page=11;section=6;competition_heading_unknown:page=11;section=6;competition_heading_unknown:page=11;section=6;competition_heading_unknown:page=12;section=6;competition_heading_unknown:page=12;section=6;competition_heading_unknown:page=12;section=6;competition_heading_unknown:page=12;section=6;competition_heading_unknown:page=12;section=6;competition_heading_unknown:page=12;section=6;competition_heading_unknown:page=12;section=6;competition_heading_unknown:page=12;section=6;competition_heading_unknown:page=12;section=6;competition_heading_unknown:page=12;section=6;competition_heading_unknown:page=12;section=6;competition_heading_unknown:page=12;section=6;competition_heading_unknown:page=12;section=6;competition_heading_unknown:page=12;section=6;competition_heading_unknown:page=12;section=6;competition_heading_unknown:page=12;section=6;competition_heading_unknown:page=12;section=6;competition_heading_unknown:page=12;section=6;competition_heading_unknown:page=12;section=6;competition_heading_unknown:page=12;section=6;competition_heading_unknown:page=12;section=6;competition_heading_unknown:page=12;section=6;competition_heading_unknown:page=12;section=6;competition_heading_unknown:page=13;section=6;competition_heading_unknown:page=13;section=6;competition_heading_unknown:page=13;section=6;competition_heading_unknown:page=13;section=6;competition_heading_unknown:page=13;section=6;competition_heading_unknown:page=13;section=6;competition_heading_unknown:page=13;section=7;competition_heading_unknown:page=13;section=7;competition_heading_unknown:page=13;section=7;competition_heading_unknown:page=13;section=7;competition_heading_unknown:page=13;section=8;competition_heading_unknown:page=13;section=8;competition_heading_unknown:page=13;section=8;competition_heading_unknown:page=13;section=8;competition_heading_unknown:page=13;section=8;competition_heading_unknown:page=13;section=8;competition_heading_unknown:page=13;section=8;competition_heading_unknown:page=13;section=8;competition_heading_unknown:page=14;section=9;competition_heading_unknown:page=14;section=9;competition_heading_unknown:page=14;section=9;competition_heading_unknown:page=14;section=9;competition_heading_unknown:page=14;section=9;competition_heading_unknown:page=14;section=9;competition_heading_unknown:page=14;section=9;competition_heading_unknown:page=14;section=9;competition_heading_unknown:page=14;section=9;competition_heading_unknown:page=14;section=9;competition_heading_unknown:page=14;section=9;competition_heading_unknown:page=14;section=9;competition_heading_unknown:page=14;section=9;competition_heading_unknown:page=14;section=9;competition_heading_unknown:page=14;section=9;competition_heading_unknown:page=14;section=9;competition_heading_unknown:page=14;section=10;competition_heading_unknown:page=14;section=10;competition_heading_unknown:page=14;section=10;competition_heading_unknown:page=14;section=10;competition_heading_unknown:page=15;section=10;competition_heading_unknown:page=15;section=10;competition_heading_unknown:page=15;section=10;competition_heading_unknown:page=15;section=10;competition_heading_unknown:page=15;section=10;competition_heading_unknown:page=15;section=10;competition_heading_unknown:page=15;section=10;competition_heading_unknown:page=15;section=10;competition_heading_unknown:page=15;section=10;competition_heading_unknown:page=15;section=10;competition_heading_unknown:page=15;section=10;competition_heading_unknown:page=15;section=10;competition_heading_unknown:page=15;section=10;competition_heading_unknown:page=15;section=10;competition_heading_unknown:page=15;section=10;competition_heading_unknown:page=15;section=10;competition_heading_unknown:page=15;section=10;competition_heading_unknown:page=15;section=10;competition_heading_unknown:page=15;section=10;competition_heading_unknown:page=15;section=10;competition_heading_unknown:page=15;section=10;competition_heading_unknown:page=15;section=10;competition_heading_unknown:page=15;section=10;competition_heading_unknown:page=16;section=10;competition_heading_unknown:page=16;section=10;competition_heading_unknown:page=16;section=10;competition_heading_unknown:page=16;section=10;competition_heading_unknown:page=16;section=10;competition_heading_unknown:page=16;section=10;competition_heading_unknown:page=16;section=10;competition_heading_unknown:page=16;section=10;competition_heading_unknown:page=16;section=10;competition_heading_unknown:page=16;section=10;competition_heading_unknown:page=16;section=10;competition_heading_unknown:page=16;section=10;competition_heading_unknown:page=16;section=10;competition_heading_unknown:page=16;section=10;competition_heading_unknown:page=16;section=10;competition_heading_unknown:page=16;section=10;competition_heading_unknown:page=16;section=10;competition_heading_unknown:page=16;section=10;competition_heading_unknown:page=16;section=10;competition_heading_unknown:page=16;section=10;competition_heading_unknown:page=16;section=10;competition_heading_unknown:page=16;section=10;competition_heading_unknown:page=16;section=10;competition_heading_unknown:page=17;section=10;competition_heading_unknown:page=17;section=10;competition_heading_unknown:page=17;section=10;competition_heading_unknown:page=17;section=10;competition_heading_unknown:page=17;section=10;competition_heading_unknown:page=17;section=10;competition_heading_unknown:page=17;section=11;competition_heading_unknown:page=17;section=11;competition_heading_unknown:page=17;section=12;competition_heading_unknown:page=17;section=12;competition_heading_unknown:page=17;section=12;competition_heading_unknown:page=17;section=12;competition_heading_unknown:page=17;section=12;competition_heading_unknown:page=17;section=12;competition_heading_unknown:page=17;section=12;competition_heading_unknown:page=17;section=12;competition_heading_unknown:page=17;section=12;competition_heading_unknown:page=17;section=12;competition_heading_unknown:page=17;section=12;competition_heading_unknown:page=18;section=12;competition_heading_unknown:page=18;section=12;competition_heading_unknown:page=18;section=12;competition_heading_unknown:page=18;section=12;competition_heading_unknown:page=18;section=12;competition_heading_unknown:page=18;section=12;competition_heading_unknown:page=18;section=12;competition_heading_unknown:page=18;section=12;competition_heading_unknown:page=18;section=12;competition_heading_unknown:page=18;section=12;competition_heading_unknown:page=18;section=12;competition_heading_unknown:page=18;section=12;competition_heading_unknown:page=18;section=12;competition_heading_unknown:page=18;section=12;competition_heading_unknown:page=18;section=12;competition_heading_unknown:page=18;section=12;competition_heading_unknown:page=18;section=12;competition_heading_unknown:page=18;section=12;competition_heading_unknown:page=18;section=12;competition_heading_unknown:page=18;section=12;competition_heading_unknown:page=18;section=12;competition_heading_unknown:page=18;section=12;competition_heading_unknown:page=18;section=12;competition_heading_unknown:page=19;section=12;competition_heading_unknown:page=19;section=12;competition_heading_unknown:page=19;section=12;competition_heading_unknown:page=19;section=12;competition_heading_unknown:page=19;section=12;competition_heading_unknown:page=19;section=12;competition_heading_unknown:page=19;section=12;competition_heading_unknown:page=19;section=12;competition_heading_unknown:page=19;section=12;competition_heading_unknown:page=19;section=12;competition_heading_unknown:page=19;section=12;competition_heading_unknown:page=19;section=12;competition_heading_unknown:page=19;section=12;competition_heading_unknown:page=19;section=12;competition_heading_unknown:page=19;section=12;competition_heading_unknown:page=19;section=12;competition_heading_unknown:page=19;section=12;competition_heading_unknown:page=19;section=12;competition_heading_unknown:page=19;section=12;competition_heading_unknown:page=19;section=12;competition_heading_unknown:page=19;section=12;competition_heading_unknown:page=19;section=12;competition_heading_unknown:page=19;section=12;competition_heading_unknown:page=20;section=12;competition_heading_unknown:page=20;section=12;competition_heading_unknown:page=20;section=12;competition_heading_unknown:page=20;section=12;competition_heading_unknown:page=20;section=12;competition_heading_unknown:page=20;section=12;competition_heading_unknown:page=20;section=12;competition_heading_unknown:page=20;section=12;competition_heading_unknown:page=20;section=12;competition_heading_unknown:page=20;section=12;competition_heading_unknown:page=20;section=12;competition_heading_unknown:page=20;section=12;competition_heading_unknown:page=20;section=13;competition_heading_unknown:page=20;section=13;competition_heading_unknown:page=20;section=13;competition_heading_unknown:page=20;section=13;competition_heading_unknown:page=20;section=13;competition_heading_unknown:page=20;section=13;competition_heading_unknown:page=20;section=13;competition_heading_unknown:page=20;section=13;competition_heading_unknown:page=20;section=13;competition_heading_unknown:page=20;section=13;competition_heading_unknown:page=21;section=13;competition_heading_unknown:page=21;section=13;competition_heading_unknown:page=21;section=13;competition_heading_unknown:page=21;section=13;competition_heading_unknown:page=21;section=13;competition_heading_unknown:page=21;section=13;competition_heading_unknown:page=21;section=13;competition_heading_unknown:page=21;section=13;competition_heading_unknown:page=21;section=13;competition_heading_unknown:page=21;section=14;competition_heading_unknown:page=21;section=14;competition_heading_unknown:page=21;section=14;competition_heading_unknown:page=21;section=14;competition_heading_unknown:page=21;section=14;competition_heading_unknown:page=21;section=14;competition_heading_unknown:page=21;section=14;competition_heading_unknown:page=21;section=14;competition_heading_unknown:page=21;section=14;competition_heading_unknown:page=21;section=14;competition_heading_unknown:page=21;section=14;competition_heading_unknown:page=21;section=14;competition_heading_unknown:page=22;section=14;competition_heading_unknown:page=22;section=14;competition_heading_unknown:page=22;section=14;competition_heading_unknown:page=22;section=14;competition_heading_unknown:page=22;section=14;competition_heading_unknown:page=22;section=14;competition_heading_unknown:page=22;section=14;competition_heading_unknown:page=22;section=14;competition_heading_unknown:page=22;section=14;competition_heading_unknown:page=22;section=14;competition_heading_unknown:page=22;section=14;competition_heading_unknown:page=22;section=14;competition_heading_unknown:page=22;section=14;competition_heading_unknown:page=22;section=14;competition_heading_unknown:page=22;section=14;competition_heading_unknown:page=22;section=14;competition_heading_unknown:page=22;section=14;competition_heading_unknown:page=22;section=15;competition_heading_unknown:page=22;section=15;competition_heading_unknown:page=22;section=15;competition_heading_unknown:page=22;section=15;competition_heading_unknown:page=23;section=15;competition_heading_unknown:page=23;section=15;competition_heading_unknown:page=23;section=15;competition_heading_unknown:page=23;section=15;competition_heading_unknown:page=23;section=15;competition_heading_unknown:page=23;section=15;competition_heading_unknown:page=23;section=15;competition_heading_unknown:page=23;section=15;competition_heading_unknown:page=23;section=15;competition_heading_unknown:page=23;section=15;competition_heading_unknown:page=23;section=15;competition_heading_unknown:page=23;section=15;competition_heading_unknown:page=23;section=15;competition_heading_unknown:page=23;section=15;competition_heading_unknown:page=23;section=15;competition_heading_unknown:page=23;section=15;competition_heading_unknown:page=23;section=15;competition_heading_unknown:page=23;section=15;competition_heading_unknown:page=23;section=15;competition_heading_unknown:page=23;section=15;competition_heading_unknown:page=23;section=15;competition_heading_unknown:page=23;section=15;competition_heading_unknown:page=23;section=15;competition_heading_unknown:page=24;section=15;competition_heading_unknown:page=24;section=15;competition_heading_unknown:page=24;section=15;competition_heading_unknown:page=24;section=15;competition_heading_unknown:page=24;section=15;competition_heading_unknown:page=24;section=15;competition_heading_unknown:page=24;section=15;competition_heading_unknown:page=24;section=15;competition_heading_unknown:page=24;section=15;competition_heading_unknown:page=24;section=15;competition_heading_unknown:page=24;section=15;competition_heading_unknown:page=24;section=15;competition_heading_unknown:page=24;section=15;competition_heading_unknown:page=24;section=16;competition_heading_unknown:page=24;section=16;competition_heading_unknown:page=24;section=16;competition_heading_unknown:page=24;section=16;competition_heading_unknown:page=24;section=16;competition_heading_unknown:page=24;section=16;competition_heading_unknown:page=24;section=16;competition_heading_unknown:page=24;section=16;competition_heading_unknown:page=25;section=16;competition_heading_unknown:page=25;section=16;competition_heading_unknown:page=25;section=16;competition_heading_unknown:page=25;section=16;competition_heading_unknown:page=25;section=16;competition_heading_unknown:page=25;section=16;competition_heading_unknown:page=25;section=16;competition_heading_unknown:page=25;section=16;competition_heading_unknown:page=25;section=16;competition_heading_unknown:page=25;section=16;competition_heading_unknown:page=25;section=16;competition_heading_unknown:page=25;section=16;competition_heading_unknown:page=25;section=16;competition_heading_unknown:page=25;section=16;competition_heading_unknown:page=25;section=16;competition_heading_unknown:page=25;section=16;competition_heading_unknown:page=25;section=16;competition_heading_unknown:page=25;section=16;competition_heading_unknown:page=25;section=16;competition_heading_unknown:page=25;section=16;competition_heading_unknown:page=25;section=16;competition_heading_unknown:page=25;section=16;competition_heading_unknown:page=25;section=16;competition_heading_unknown:page=26;section=16;competition_heading_unknown:page=26;section=16;competition_heading_unknown:page=26;section=16;competition_heading_unknown:page=26;section=16;competition_heading_unknown:page=26;section=16;competition_heading_unknown:page=26;section=16;competition_heading_unknown:page=26;section=16;competition_heading_unknown:page=26;section=16;competition_heading_unknown:page=26;section=16;competition_heading_unknown:page=26;section=16;competition_heading_unknown:page=26;section=16;competition_heading_unknown:page=26;section=16;competition_heading_unknown:page=26;section=16;competition_heading_unknown:page=26;section=16;competition_heading_unknown:page=26;section=16;competition_heading_unknown:page=26;section=16;competition_heading_unknown:page=26;section=16;competition_heading_unknown:page=26;section=16;competition_heading_unknown:page=26;section=16;competition_heading_unknown:page=26;section=16;competition_heading_unknown:page=26;section=16;competition_heading_unknown:page=26;section=16;competition_heading_unknown:page=26;section=16;competition_heading_unknown:page=27;section=16;competition_heading_unknown:page=27;section=16;competition_heading_unknown:page=27;section=16;competition_heading_unknown:page=27;section=16;competition_heading_unknown:page=27;section=16;competition_heading_unknown:page=27;section=16;competition_heading_unknown:page=27;section=16;competition_heading_unknown:page=27;section=16;competition_heading_unknown:page=27;section=16;competition_heading_unknown:page=27;section=16;competition_heading_unknown:page=27;section=16;competition_heading_unknown:page=27;section=16;competition_heading_unknown:page=27;section=16;competition_heading_unknown:page=27;section=17;competition_heading_unknown:page=27;section=17;competition_heading_unknown:page=27;section=17;competition_heading_unknown:page=27;section=17;competition_heading_unknown:page=27;section=17;competition_heading_unknown:page=27;section=17;competition_heading_unknown:page=27;section=17;competition_heading_unknown:page=27;section=17;competition_heading_unknown:page=28;section=17;competition_heading_unknown:page=28;section=17;competition_heading_unknown:page=28;section=17;competition_heading_unknown:page=28;section=17;competition_heading_unknown:page=28;section=17;competition_heading_unknown:page=28;section=17;competition_heading_unknown:page=28;section=17;competition_heading_unknown:page=28;section=17;competition_heading_unknown:page=28;section=17;competition_heading_unknown:page=28;section=17;competition_heading_unknown:page=28;section=17;competition_heading_unknown:page=28;section=17;competition_heading_unknown:page=28;section=17;competition_heading_unknown:page=28;section=17;competition_heading_unknown:page=28;section=17;competition_heading_unknown:page=28;section=17;competition_heading_unknown:page=28;section=17;competition_heading_unknown:page=28;section=17;competition_heading_unknown:page=28;section=17;competition_heading_unknown:page=28;section=17;competition_heading_unknown:page=28;section=17;competition_heading_unknown:page=28;section=17;competition_heading_unknown:page=28;section=17;competition_heading_unknown:page=29;section=17;competition_heading_unknown:page=29;section=17;competition_heading_unknown:page=29;section=17;competition_heading_unknown:page=29;section=17;competition_heading_unknown:page=29;section=17;competition_heading_unknown:page=29;section=17;competition_heading_unknown:page=29;section=17;competition_heading_unknown:page=29;section=17;competition_heading_unknown:page=29;section=17;competition_heading_unknown:page=29;section=17;competition_heading_unknown:page=29;section=17;competition_heading_unknown:page=29;section=17;competition_heading_unknown:page=29;section=17;competition_heading_unknown:page=29;section=17;competition_heading_unknown:page=29;section=17;competition_heading_unknown:page=29;section=18;competition_heading_unknown:page=29;section=19;competition_heading_unknown:page=29;section=19;competition_heading_unknown:page=29;section=19;competition_heading_unknown:page=30;section=19;competition_heading_unknown:page=30;section=19;competition_heading_unknown:page=30;section=19;competition_heading_unknown:page=30;section=19;competition_heading_unknown:page=30;section=19;competition_heading_unknown:page=30;section=19;competition_heading_unknown:page=30;section=19;competition_heading_unknown:page=30;section=19;competition_heading_unknown:page=30;section=20;competition_heading_unknown:page=30;section=20;competition_heading_unknown:page=30;section=20;competition_heading_unknown:page=30;section=20;competition_heading_unknown:page=30;section=20;competition_heading_unknown:page=30;section=20;competition_heading_unknown:page=30;section=20;competition_heading_unknown:page=30;section=20;competition_heading_unknown:page=30;section=20;competition_heading_unknown:page=30;section=20;competition_heading_unknown:page=30;section=20;competition_heading_unknown:page=30;section=20;competition_heading_unknown:page=30;section=20;competition_heading_unknown:page=31;section=20;competition_heading_unknown:page=31;section=20;competition_heading_unknown:page=31;section=20;competition_heading_unknown:page=31;section=20;competition_heading_unknown:page=31;section=20;competition_heading_unknown:page=31;section=20;competition_heading_unknown:page=31;section=21;competition_heading_unknown:page=31;section=21;competition_heading_unknown:page=31;section=21;competition_heading_unknown:page=31;section=21;competition_heading_unknown:page=31;section=21;competition_heading_unknown:page=31;section=21;competition_heading_unknown:page=31;section=21;competition_heading_unknown:page=31;section=22;competition_heading_unknown:page=31;section=22;competition_heading_unknown:page=31;section=22;competition_heading_unknown:page=31;section=22;competition_heading_unknown:page=31;section=22;competition_heading_unknown:page=31;section=22;competition_heading_unknown:page=32;section=22;competition_heading_unknown:page=32;section=22;competition_heading_unknown:page=32;section=22;competition_heading_unknown:page=32;section=22;competition_heading_unknown:page=32;section=22;competition_heading_unknown:page=32;section=22;competition_heading_unknown:page=32;section=22;competition_heading_unknown:page=32;section=22;competition_heading_unknown:page=32;section=22;competition_heading_unknown:page=32;section=22;competition_heading_unknown:page=32;section=22;competition_heading_unknown:page=32;section=22;competition_heading_unknown:page=32;section=22;competition_heading_unknown:page=32;section=23;competition_heading_unknown:page=32;section=23;competition_heading_unknown:page=32;section=23;competition_heading_unknown:page=32;section=23;competition_heading_unknown:page=32;section=23;competition_heading_unknown:page=32;section=23;competition_heading_unknown:page=32;section=23;competition_heading_unknown:page=32;section=23;competition_heading_unknown:page=33;section=23;competition_heading_unknown:page=33;section=23;competition_heading_unknown:page=33;section=23;competition_heading_unknown:page=33;section=23;competition_heading_unknown:page=33;section=23;competition_heading_unknown:page=33;section=23;competition_heading_unknown:page=33;section=23;competition_heading_unknown:page=33;section=23;competition_heading_unknown:page=33;section=23;competition_heading_unknown:page=33;section=23;competition_heading_unknown:page=33;section=23;competition_heading_unknown:page=33;section=23;competition_heading_unknown:page=33;section=23;competition_heading_unknown:page=33;section=23;competition_heading_unknown:page=33;section=23;competition_heading_unknown:page=33;section=23;competition_heading_unknown:page=33;section=23;competition_heading_unknown:page=33;section=23;competition_heading_unknown:page=33;section=23;competition_heading_unknown:page=33;section=23;competition_heading_unknown:page=33;section=23;competition_heading_unknown:page=33;section=23;competition_heading_unknown:page=33;section=23;competition_heading_unknown:page=34;section=23;competition_heading_unknown:page=34;section=23;competition_heading_unknown:page=34;section=23;competition_heading_unknown:page=34;section=23;competition_heading_unknown:page=34;section=23;competition_heading_unknown:page=34;section=23;competition_heading_unknown:page=34;section=23;competition_heading_unknown:page=34;section=23;competition_heading_unknown:page=34;section=23;competition_heading_unknown:page=34;section=23;competition_heading_unknown:page=34;section=23;competition_heading_unknown:page=34;section=23;competition_heading_unknown:page=34;section=23;competition_heading_unknown:page=34;section=23;competition_heading_unknown:page=34;section=23;competition_heading_unknown:page=34;section=23;competition_heading_unknown:page=34;section=23;competition_heading_unknown:page=34;section=23;competition_heading_unknown:page=34;section=23;competition_heading_unknown:page=34;section=23;competition_heading_unknown:page=34;section=23;competition_heading_unknown:page=34;section=23;competition_heading_unknown:page=34;section=23;competition_heading_unknown:page=35;section=23;competition_heading_unknown:page=35;section=23;competition_heading_unknown:page=35;section=23;competition_heading_unknown:page=35;section=23;competition_heading_unknown:page=35;section=23;competition_heading_unknown:page=35;section=23;competition_heading_unknown:page=35;section=23;competition_heading_unknown:page=35;section=23;competition_heading_unknown:page=35;section=23;competition_heading_unknown:page=35;section=23;competition_heading_unknown:page=35;section=23;competition_heading_unknown:page=35;section=23;competition_heading_unknown:page=35;section=23;competition_heading_unknown:page=35;section=23;competition_heading_unknown:page=35;section=23;competition_heading_unknown:page=35;section=23;competition_heading_unknown:page=35;section=23;competition_heading_unknown:page=35;section=23;competition_heading_unknown:page=35;section=23;competition_heading_unknown:page=35;section=23;competition_heading_unknown:page=35;section=23;competition_heading_unknown:page=35;section=23;competition_heading_unknown:page=35;section=23;competition_heading_unknown:page=36;section=23;competition_heading_unknown:page=36;section=23;competition_heading_unknown:page=36;section=23;competition_heading_unknown:page=36;section=23;competition_heading_unknown:page=36;section=23;competition_heading_unknown:page=36;section=23;competition_heading_unknown:page=36;section=23;competition_heading_unknown:page=36;section=23;competition_heading_unknown:page=36;section=23;competition_heading_unknown:page=36;section=23;competition_heading_unknown:page=36;section=23;competition_heading_unknown:page=36;section=23;competition_heading_unknown:page=36;section=23;competition_heading_unknown:page=36;section=23;competition_heading_unknown:page=36;section=23;competition_heading_unknown:page=36;section=23;competition_heading_unknown:page=36;section=23;competition_heading_unknown:page=36;section=23;competition_heading_unknown:page=36;section=23;competition_heading_unknown:page=36;section=23;competition_heading_unknown:page=36;section=23;competition_heading_unknown:page=36;section=23;competition_heading_unknown:page=36;section=23;competition_heading_unknown:page=37;section=23;competition_heading_unknown:page=37;section=23;competition_heading_unknown:page=37;section=23;competition_heading_unknown:page=37;section=23;competition_heading_unknown:page=37;section=23;competition_heading_unknown:page=37;section=23;competition_heading_unknown:page=37;section=23;competition_heading_unknown:page=37;section=23;competition_heading_unknown:page=37;section=23;competition_heading_unknown:page=37;section=23;competition_heading_unknown:page=37;section=23;competition_heading_unknown:page=37;section=23;competition_heading_unknown:page=37;section=23;competition_heading_unknown:page=37;section=23;competition_heading_unknown:page=37;section=23;competition_heading_unknown:page=37;section=23;competition_heading_unknown:page=37;section=23;competition_heading_unknown:page=37;section=23;competition_heading_unknown:page=37;section=23;competition_heading_unknown:page=37;section=23;competition_heading_unknown:page=37;section=23;competition_heading_unknown:page=37;section=23;competition_heading_unknown:page=37;section=23;competition_heading_unknown:page=38;section=23;competition_heading_unknown:page=38;section=23;competition_heading_unknown:page=38;section=23;competition_heading_unknown:page=38;section=23;competition_heading_unknown:page=38;section=23;competition_heading_unknown:page=38;section=23;competition_heading_unknown:page=38;section=23;competition_heading_unknown:page=38;section=23;competition_heading_unknown:page=38;section=23;competition_heading_unknown:page=38;section=23;competition_heading_unknown:page=38;section=23;competition_heading_unknown:page=38;section=23;competition_heading_unknown:page=38;section=23;competition_heading_unknown:page=38;section=23;competition_heading_unknown:page=38;section=23;competition_heading_unknown:page=38;section=23;competition_heading_unknown:page=38;section=23;competition_heading_unknown:page=38;section=23;competition_heading_unknown:page=38;section=23;competition_heading_unknown:page=38;section=23;competition_heading_unknown:page=38;section=23;competition_heading_unknown:page=38;section=23;competition_heading_unknown:page=38;section=23;competition_heading_unknown:page=39;section=23;competition_heading_unknown:page=39;section=23;competition_heading_unknown:page=39;section=23;competition_heading_unknown:page=39;section=23;competition_heading_unknown:page=39;section=23;competition_heading_unknown:page=39;section=23;competition_heading_unknown:page=39;section=23;competition_heading_unknown:page=39;section=23;competition_heading_unknown:page=39;section=23;competition_heading_unknown:page=39;section=23;competition_heading_unknown:page=39;section=23;competition_heading_unknown:page=39;section=23;competition_heading_unknown:page=39;section=23;competition_heading_unknown:page=39;section=23;competition_heading_unknown:page=39;section=23;competition_heading_unknown:page=39;section=23;competition_heading_unknown:page=39;section=23;competition_heading_unknown:page=39;section=23;competition_heading_unknown:page=39;section=23;competition_heading_unknown:page=39;section=23;competition_heading_unknown:page=39;section=23;competition_heading_unknown:page=39;section=23;competition_heading_unknown:page=39;section=23;competition_heading_unknown:page=40;section=23;competition_heading_unknown:page=40;section=23;competition_heading_unknown:page=40;section=23;competition_heading_unknown:page=40;section=23;competition_heading_unknown:page=40;section=23;competition_heading_unknown:page=40;section=23;competition_heading_unknown:page=40;section=23;competition_heading_unknown:page=40;section=23;competition_heading_unknown:page=40;section=23;competition_heading_unknown:page=40;section=23;competition_heading_unknown:page=40;section=23;competition_heading_unknown:page=40;section=23;competition_heading_unknown:page=40;section=23;competition_heading_unknown:page=40;section=23;competition_heading_unknown:page=40;section=23;competition_heading_unknown:page=40;section=23;competition_heading_unknown:page=40;section=23;competition_heading_unknown:page=40;section=23;competition_heading_unknown:page=40;section=23;competition_heading_unknown:page=40;section=23;competition_heading_unknown:page=40;section=23;competition_heading_unknown:page=40;section=23;competition_heading_unknown:page=40;section=23;competition_heading_unknown:page=41;section=23;competition_heading_unknown:page=41;section=23;competition_heading_unknown:page=41;section=23;competition_heading_unknown:page=41;section=23;competition_heading_unknown:page=41;section=23;competition_heading_unknown:page=41;section=23;competition_heading_unknown:page=41;section=23;competition_heading_unknown:page=41;section=23;competition_heading_unknown:page=41;section=23;competition_heading_unknown:page=41;section=23;competition_heading_unknown:page=41;section=23;competition_heading_unknown:page=41;section=23;competition_heading_unknown:page=41;section=23;competition_heading_unknown:page=41;section=23;competition_heading_unknown:page=41;section=23;competition_heading_unknown:page=41;section=23;competition_heading_unknown:page=41;section=23;competition_heading_unknown:page=41;section=23;competition_heading_unknown:page=41;section=23;competition_heading_unknown:page=41;section=23;competition_heading_unknown:page=41;section=23;competition_heading_unknown:page=41;section=23;competition_heading_unknown:page=41;section=23;competition_heading_unknown:page=42;section=23;competition_heading_unknown:page=42;section=23;competition_heading_unknown:page=42;section=23;competition_heading_unknown:page=42;section=23;competition_heading_unknown:page=42;section=23;competition_heading_unknown:page=42;section=23;competition_heading_unknown:page=42;section=23;competition_heading_unknown:page=42;section=23;competition_heading_unknown:page=42;section=23;competition_heading_unknown:page=42;section=23;competition_heading_unknown:page=42;section=23;competition_heading_unknown:page=42;section=23;competition_heading_unknown:page=42;section=23;competition_heading_unknown:page=42;section=23;competition_heading_unknown:page=42;section=23;competition_heading_unknown:page=42;section=23;competition_heading_unknown:page=42;section=23;competition_heading_unknown:page=42;section=23;competition_heading_unknown:page=42;section=23;competition_heading_unknown:page=42;section=23;competition_heading_unknown:page=42;section=23;competition_heading_unknown:page=42;section=23;competition_heading_unknown:page=42;section=23;competition_heading_unknown:page=43;section=23;competition_heading_unknown:page=43;section=23;competition_heading_unknown:page=43;section=23;competition_heading_unknown:page=43;section=23;competition_heading_unknown:page=43;section=23;competition_heading_unknown:page=43;section=23;competition_heading_unknown:page=43;section=23;competition_heading_unknown:page=43;section=23;competition_heading_unknown:page=43;section=23;competition_heading_unknown:page=43;section=23;competition_heading_unknown:page=43;section=23;competition_heading_unknown:page=43;section=23;competition_heading_unknown:page=43;section=23;competition_heading_unknown:page=43;section=23;competition_heading_unknown:page=43;section=23;competition_heading_unknown:page=43;section=23;competition_heading_unknown:page=43;section=23;competition_heading_unknown:page=43;section=23;competition_heading_unknown:page=43;section=23;competition_heading_unknown:page=43;section=24;competition_heading_unknown:page=43;section=24;competition_heading_unknown:page=44;section=24;competition_heading_unknown:page=44;section=24;competition_heading_unknown:page=44;section=24;competition_heading_unknown:page=44;section=24;competition_heading_unknown:page=44;section=24;competition_heading_unknown:page=44;section=24;competition_heading_unknown:page=44;section=24;competition_heading_unknown:page=44;section=24;competition_heading_unknown:page=44;section=24;competition_heading_unknown:page=44;section=24;competition_heading_unknown:page=44;section=24;competition_heading_unknown:page=44;section=24;competition_heading_unknown:page=44;section=24;competition_heading_unknown:page=44;section=24;competition_heading_unknown:page=44;section=24;competition_heading_unknown:page=44;section=24;competition_heading_unknown:page=44;section=24;competition_heading_unknown:page=44;section=24;competition_heading_unknown:page=44;section=24;competition_heading_unknown:page=44;section=24;competition_heading_unknown:page=44;section=24;competition_heading_unknown:page=44;section=24;competition_heading_unknown:page=44;section=24;competition_heading_unknown:page=45;section=24;competition_heading_unknown:page=45;section=25;competition_heading_unknown:page=45;section=25;competition_heading_unknown:page=45;section=25;competition_heading_unknown:page=45;section=25;competition_heading_unknown:page=45;section=25;competition_heading_unknown:page=45;section=25;competition_heading_unknown:page=45;section=25;competition_heading_unknown:page=45;section=25;competition_heading_unknown:page=45;section=25;competition_heading_unknown:page=45;section=25;competition_heading_unknown:page=45;section=25;competition_heading_unknown:page=45;section=25;competition_heading_unknown:page=45;section=25;competition_heading_unknown:page=45;section=25;competition_heading_unknown:page=45;section=25;competition_heading_unknown:page=45;section=25;competition_heading_unknown:page=45;section=25;competition_heading_unknown:page=45;section=25;competition_heading_unknown:page=45;section=25;competition_heading_unknown:page=45;section=25;competition_heading_unknown:page=46;section=25;competition_heading_unknown:page=46;section=25;competition_heading_unknown:page=46;section=25;competition_heading_unknown:page=46;section=25;competition_heading_unknown:page=46;section=25;competition_heading_unknown:page=46;section=25;competition_heading_unknown:page=46;section=25;competition_heading_unknown:page=46;section=25;competition_heading_unknown:page=46;section=25;competition_heading_unknown:page=46;section=25;competition_heading_unknown:page=46;section=26;competition_heading_unknown:page=46;section=26;competition_heading_unknown:page=46;section=26;competition_heading_unknown:page=46;section=26;competition_heading_unknown:page=46;section=26;competition_heading_unknown:page=46;section=26;competition_heading_unknown:page=46;section=26;competition_heading_unknown:page=46;section=26;competition_heading_unknown:page=46;section=26;competition_heading_unknown:page=46;section=26;competition_heading_unknown:page=46;section=26;competition_heading_unknown:page=47;section=26;competition_heading_unknown:page=47;section=26;competition_heading_unknown:page=47;section=26;competition_heading_unknown:page=47;section=26;competition_heading_unknown:page=47;section=26;competition_heading_unknown:page=47;section=26;competition_heading_unknown:page=47;section=26;competition_heading_unknown:page=47;section=26;competition_heading_unknown:page=47;section=26;competition_heading_unknown:page=47;section=26;competition_heading_unknown:page=47;section=26;competition_heading_unknown:page=47;section=26;competition_heading_unknown:page=47;section=26;competition_heading_unknown:page=47;section=26;competition_heading_unknown:page=47;section=26;competition_heading_unknown:page=47;section=26;competition_heading_unknown:page=47;section=26;competition_heading_unknown:page=47;section=26;competition_heading_unknown:page=47;section=26;competition_heading_unknown:page=47;section=26;competition_heading_unknown:page=47;section=26;competition_heading_unknown:page=47;section=26;competition_heading_unknown:page=47;section=26;competition_heading_unknown:page=48;section=26;competition_heading_unknown:page=48;section=26;competition_heading_unknown:page=48;section=26;competition_heading_unknown:page=48;section=26;competition_heading_unknown:page=48;section=26;competition_heading_unknown:page=48;section=26;competition_heading_unknown:page=48;section=26;competition_heading_unknown:page=48;section=26;competition_heading_unknown:page=48;section=27;competition_heading_unknown:page=48;section=27;competition_heading_unknown:page=48;section=27;competition_heading_unknown:page=48;section=27;competition_heading_unknown:page=48;section=27;competition_heading_unknown:page=48;section=27;competition_heading_unknown:page=48;section=27;competition_heading_unknown:page=48;section=27;competition_heading_unknown:page=48;section=27;competition_heading_unknown:page=48;section=27;competition_heading_unknown:page=48;section=27;competition_heading_unknown:page=48;section=27;competition_heading_unknown:page=49;section=28;competition_heading_unknown:page=49;section=28;competition_heading_unknown:page=49;section=28;competition_heading_unknown:page=49;section=28;competition_heading_unknown:page=49;section=28;competition_heading_unknown:page=49;section=28;competition_heading_unknown:page=49;section=28;competition_heading_unknown:page=49;section=28;competition_heading_unknown:page=49;section=28;competition_heading_unknown:page=49;section=28;competition_heading_unknown:page=49;section=28;competition_heading_unknown:page=49;section=28;competition_heading_unknown:page=49;section=28;competition_heading_unknown:page=49;section=28;competition_heading_unknown:page=49;section=28;competition_heading_unknown:page=49;section=28;competition_heading_unknown:page=49;section=28;competition_heading_unknown:page=49;section=29;competition_heading_unknown:page=49;section=29;competition_heading_unknown:page=49;section=29;competition_heading_unknown:page=50;section=29;competition_heading_unknown:page=50;section=29;competition_heading_unknown:page=50;section=29;competition_heading_unknown:page=50;section=29;competition_heading_unknown:page=50;section=29;competition_heading_unknown:page=50;section=29;competition_heading_unknown:page=50;section=29;competition_heading_unknown:page=50;section=29;competition_heading_unknown:page=50;section=29;competition_heading_unknown:page=50;section=29;competition_heading_unknown:page=50;section=29;competition_heading_unknown:page=50;section=29;competition_heading_unknown:page=50;section=29;competition_heading_unknown:page=50;section=29;competition_heading_unknown:page=50;section=29;competition_heading_unknown:page=50;section=29;competition_heading_unknown:page=50;section=29;competition_heading_unknown:page=50;section=29;competition_heading_unknown:page=50;section=29;competition_heading_unknown:page=50;section=29;competition_heading_unknown:page=50;section=29;competition_heading_unknown:page=50;section=29;competition_heading_unknown:page=50;section=29;competition_heading_unknown:page=51;section=29;competition_heading_unknown:page=51;section=29;competition_heading_unknown:page=51;section=29;competition_heading_unknown:page=51;section=30;competition_heading_unknown:page=51;section=30;competition_heading_unknown:page=51;section=30;competition_heading_unknown:page=51;section=30;competition_heading_unknown:page=51;section=30;competition_heading_unknown:page=51;section=30;competition_heading_unknown:page=51;section=30;competition_heading_unknown:page=51;section=30;competition_heading_unknown:page=51;section=30;competition_heading_unknown:page=51;section=30;competition_heading_unknown:page=51;section=31;competition_heading_unknown:page=51;section=31;competition_heading_unknown:page=51;section=31;competition_heading_unknown:page=51;section=31;competition_heading_unknown:page=51;section=31;competition_heading_unknown:page=51;section=31;competition_heading_unknown:page=51;section=31;competition_heading_unknown:page=52;section=31;competition_heading_unknown:page=52;section=31;competition_heading_unknown:page=52;section=31;competition_heading_unknown:page=52;section=31;competition_heading_unknown:page=52;section=31;competition_heading_unknown:page=52;section=31;competition_heading_unknown:page=52;section=31;competition_heading_unknown:page=52;section=31;competition_heading_unknown:page=52;section=31;competition_heading_unknown:page=52;section=31;competition_heading_unknown:page=52;section=31;competition_heading_unknown:page=52;section=31;competition_heading_unknown:page=52;section=31;competition_heading_unknown:page=52;section=31;competition_heading_unknown:page=52;section=31;competition_heading_unknown:page=52;section=31;competition_heading_unknown:page=52;section=31;competition_heading_unknown:page=52;section=31;competition_heading_unknown:page=52;section=31;competition_heading_unknown:page=52;section=31;competition_heading_unknown:page=52;section=31;competition_heading_unknown:page=52;section=31;competition_heading_unknown:page=52;section=31;competition_heading_unknown:page=53;section=31;competition_heading_unknown:page=53;section=31;competition_heading_unknown:page=53;section=31;competition_heading_unknown:page=53;section=31;competition_heading_unknown:page=53;section=31;competition_heading_unknown:page=53;section=32;competition_heading_unknown:page=53;section=32;competition_heading_unknown:page=53;section=32;competition_heading_unknown:page=53;section=32;competition_heading_unknown:page=53;section=32;competition_heading_unknown:page=53;section=32;competition_heading_unknown:page=53;section=32;competition_heading_unknown:page=53;section=32;competition_heading_unknown:page=53;section=32;competition_heading_unknown:page=53;section=32;competition_heading_unknown:page=53;section=32;competition_heading_unknown:page=53;section=32;competition_heading_unknown:page=53;section=32;competition_heading_unknown:page=53;section=32;competition_heading_unknown:page=53;section=32;competition_heading_unknown:page=53;section=32;competition_heading_unknown:page=54;section=32;competition_heading_unknown:page=54;section=32;competition_heading_unknown:page=54;section=32;competition_heading_unknown:page=54;section=32;competition_heading_unknown:page=54;section=32;competition_heading_unknown:page=54;section=32;competition_heading_unknown:page=54;section=32;competition_heading_unknown:page=54;section=32;competition_heading_unknown:page=54;section=32;competition_heading_unknown:page=54;section=32;competition_heading_unknown:page=54;section=32;competition_heading_unknown:page=54;section=32;competition_heading_unknown:page=54;section=32;competition_heading_unknown:page=54;section=32;competition_heading_unknown:page=54;section=32;competition_heading_unknown:page=54;section=32;competition_heading_unknown:page=54;section=32;competition_heading_unknown:page=54;section=32;competition_heading_unknown:page=54;section=32;competition_heading_unknown:page=54;section=32;competition_heading_unknown:page=54;section=32;competition_heading_unknown:page=54;section=32;competition_heading_unknown:page=54;section=32;competition_heading_unknown:page=55;section=32;competition_heading_unknown:page=55;section=32;competition_heading_unknown:page=55;section=32;competition_heading_unknown:page=55;section=32;competition_heading_unknown:page=55;section=32;competition_heading_unknown:page=55;section=32;competition_heading_unknown:page=55;section=32;competition_heading_unknown:page=55;section=32;competition_heading_unknown:page=55;section=32;competition_heading_unknown:page=55;section=32;competition_heading_unknown:page=55;section=32;competition_heading_unknown:page=55;section=32;competition_heading_unknown:page=55;section=32;competition_heading_unknown:page=55;section=33;competition_heading_unknown:page=55;section=33;competition_heading_unknown:page=55;section=33;competition_heading_unknown:page=55;section=33;competition_heading_unknown:page=55;section=33;competition_heading_unknown:page=55;section=33;competition_heading_unknown:page=55;section=33;competition_heading_unknown:page=55;section=33;competition_heading_unknown:page=56;section=33;competition_heading_unknown:page=56;section=33;competition_heading_unknown:page=56;section=33;competition_heading_unknown:page=56;section=33;competition_heading_unknown:page=56;section=33;competition_heading_unknown:page=56;section=33;competition_heading_unknown:page=56;section=33;competition_heading_unknown:page=56;section=33;competition_heading_unknown:page=56;section=33;competition_heading_unknown:page=56;section=33;competition_heading_unknown:page=56;section=33;competition_heading_unknown:page=56;section=33;competition_heading_unknown:page=56;section=33;competition_heading_unknown:page=56;section=33;competition_heading_unknown:page=56;section=33;competition_heading_unknown:page=56;section=33;competition_heading_unknown:page=56;section=33;competition_heading_unknown:page=56;section=33;competition_heading_unknown:page=56;section=33;competition_heading_unknown:page=56;section=33;competition_heading_unknown:page=56;section=33;competition_heading_unknown:page=56;section=33;competition_heading_unknown:page=56;section=33;competition_heading_unknown:page=57;section=33;competition_heading_unknown:page=57;section=33;competition_heading_unknown:page=57;section=33;competition_heading_unknown:page=57;section=33;competition_heading_unknown:page=57;section=33;competition_heading_unknown:page=57;section=33;competition_heading_unknown:page=57;section=33;competition_heading_unknown:page=57;section=33;competition_heading_unknown:page=57;section=33;competition_heading_unknown:page=57;section=33;competition_heading_unknown:page=57;section=34;competition_heading_unknown:page=57;section=34;competition_heading_unknown:page=57;section=34;competition_heading_unknown:page=57;section=34;competition_heading_unknown:page=57;section=34;competition_heading_unknown:page=57;section=34;competition_heading_unknown:page=57;section=34;competition_heading_unknown:page=57;section=34;competition_heading_unknown:page=57;section=34;competition_heading_unknown:page=57;section=34;competition_heading_unknown:page=57;section=34;competition_heading_unknown:page=58;section=34;competition_heading_unknown:page=58;section=34;competition_heading_unknown:page=58;section=34;competition_heading_unknown:page=58;section=34;competition_heading_unknown:page=58;section=34;competition_heading_unknown:page=58;section=34;competition_heading_unknown:page=58;section=34;competition_heading_unknown:page=58;section=34;competition_heading_unknown:page=58;section=34;competition_heading_unknown:page=58;section=34;competition_heading_unknown:page=58;section=34;competition_heading_unknown:page=58;section=34;competition_heading_unknown:page=58;section=34;competition_heading_unknown:page=58;section=34;competition_heading_unknown:page=58;section=34;competition_heading_unknown:page=58;section=34;competition_heading_unknown:page=58;section=34;competition_heading_unknown:page=58;section=34;competition_heading_unknown:page=58;section=34;competition_heading_unknown:page=58;section=34;competition_heading_unknown:page=58;section=35;competition_heading_unknown:page=59;section=35;competition_heading_unknown:page=59;section=35;competition_heading_unknown:page=59;section=35;competition_heading_unknown:page=59;section=35;competition_heading_unknown:page=59;section=35;competition_heading_unknown:page=59;section=35;competition_heading_unknown:page=59;section=35;competition_heading_unknown:page=59;section=35;competition_heading_unknown:page=59;section=35;competition_heading_unknown:page=59;section=35;competition_heading_unknown:page=59;section=35;competition_heading_unknown:page=59;section=35;competition_heading_unknown:page=59;section=35;competition_heading_unknown:page=59;section=35;competition_heading_unknown:page=59;section=36;competition_heading_unknown:page=59;section=36;competition_heading_unknown:page=59;section=36;competition_heading_unknown:page=59;section=36;competition_heading_unknown:page=59;section=36;competition_heading_unknown:page=59;section=36;competition_heading_unknown:page=59;section=36;competition_heading_unknown:page=60;section=36;competition_heading_unknown:page=60;section=36;competition_heading_unknown:page=60;section=36;competition_heading_unknown:page=60;section=36;competition_heading_unknown:page=60;section=36;competition_heading_unknown:page=60;section=36;competition_heading_unknown:page=60;section=36;competition_heading_unknown:page=60;section=36;competition_heading_unknown:page=60;section=36;competition_heading_unknown:page=60;section=36;competition_heading_unknown:page=60;section=36;competition_heading_unknown:page=60;section=36;competition_heading_unknown:page=60;section=36;competition_heading_unknown:page=60;section=36;competition_heading_unknown:page=60;section=36;competition_heading_unknown:page=60;section=36;competition_heading_unknown:page=60;section=36;competition_heading_unknown:page=60;section=36;competition_heading_unknown:page=60;section=36;competition_heading_unknown:page=60;section=36;competition_heading_unknown:page=60;section=36;competition_heading_unknown:page=60;section=36;competition_heading_unknown:page=60;section=36;competition_heading_unknown:page=61;section=36;competition_heading_unknown:page=61;section=36;competition_heading_unknown:page=61;section=36;competition_heading_unknown:page=61;section=36;competition_heading_unknown:page=61;section=36;competition_heading_unknown:page=61;section=36;competition_heading_unknown:page=61;section=36;competition_heading_unknown:page=61;section=36;competition_heading_unknown:page=61;section=36;competition_heading_unknown:page=61;section=36;competition_heading_unknown:page=61;section=36;competition_heading_unknown:page=61;section=36;competition_heading_unknown:page=61;section=36;competition_heading_unknown:page=61;section=36;competition_heading_unknown:page=61;section=36;competition_heading_unknown:page=61;section=36;competition_heading_unknown:page=61;section=36;competition_heading_unknown:page=61;section=36;competition_heading_unknown:page=61;section=36;competition_heading_unknown:page=61;section=36;competition_heading_unknown:page=61;section=36;competition_heading_unknown:page=61;section=36;competition_heading_unknown:page=61;section=36;competition_heading_unknown:page=62;section=36;competition_heading_unknown:page=62;section=36;competition_heading_unknown:page=62;section=36;competition_heading_unknown:page=62;section=36;competition_heading_unknown:page=62;section=36;competition_heading_unknown:page=62;section=36;competition_heading_unknown:page=62;section=36;competition_heading_unknown:page=62;section=36;competition_heading_unknown:page=62;section=36;competition_heading_unknown:page=62;section=36;competition_heading_unknown:page=62;section=36;competition_heading_unknown:page=62;section=36;competition_heading_unknown:page=62;section=36;competition_heading_unknown:page=62;section=36;competition_heading_unknown:page=62;section=36;competition_heading_unknown:page=62;section=36;competition_heading_unknown:page=62;section=36;competition_heading_unknown:page=62;section=36;competition_heading_unknown:page=62;section=36;competition_heading_unknown:page=62;section=37;competition_heading_unknown:page=62;section=37;competition_heading_unknown:page=63;section=37;competition_heading_unknown:page=63;section=37;competition_heading_unknown:page=63;section=37;competition_heading_unknown:page=63;section=37;competition_heading_unknown:page=63;section=37;competition_heading_unknown:page=63;section=37;competition_heading_unknown:page=63;section=37;competition_heading_unknown:page=63;section=37;competition_heading_unknown:page=63;section=37;competition_heading_unknown:page=63;section=37;competition_heading_unknown:page=63;section=37;competition_heading_unknown:page=63;section=37;competition_heading_unknown:page=63;section=37;competition_heading_unknown:page=63;section=37;competition_heading_unknown:page=63;section=37;competition_heading_unknown:page=63;section=37;competition_heading_unknown:page=63;section=37;competition_heading_unknown:page=63;section=37;competition_heading_unknown:page=63;section=37;competition_heading_unknown:page=63;section=37;competition_heading_unknown:page=63;section=37;competition_heading_unknown:page=63;section=37;competition_heading_unknown:page=63;section=37;competition_heading_unknown:page=64;section=37;competition_heading_unknown:page=64;section=37;competition_heading_unknown:page=64;section=37;competition_heading_unknown:page=64;section=37;competition_heading_unknown:page=64;section=37;competition_heading_unknown:page=64;section=37;competition_heading_unknown:page=64;section=37;competition_heading_unknown:page=64;section=37;competition_heading_unknown:page=64;section=37;competition_heading_unknown:page=64;section=37;competition_heading_unknown:page=64;section=37;competition_heading_unknown:page=64;section=37;competition_heading_unknown:page=64;section=37;competition_heading_unknown:page=64;section=37;competition_heading_unknown:page=64;section=37;competition_heading_unknown:page=64;section=37;competition_heading_unknown:page=64;section=37;competition_heading_unknown:page=64;section=37;competition_heading_unknown:page=64;section=37;competition_heading_unknown:page=64;section=37;competition_heading_unknown:page=64;section=37;competition_heading_unknown:page=64;section=37;competition_heading_unknown:page=64;section=37;competition_heading_unknown:page=65;section=37;competition_heading_unknown:page=65;section=37;competition_heading_unknown:page=65;section=37;competition_heading_unknown:page=65;section=37;competition_heading_unknown:page=65;section=37;competition_heading_unknown:page=65;section=37;competition_heading_unknown:page=65;section=37;competition_heading_unknown:page=65;section=37;competition_heading_unknown:page=65;section=37;competition_heading_unknown:page=65;section=37;competition_heading_unknown:page=65;section=37;competition_heading_unknown:page=65;section=37;competition_heading_unknown:page=65;section=37;competition_heading_unknown:page=65;section=37;competition_heading_unknown:page=65;section=37;competition_heading_unknown:page=65;section=37;competition_heading_unknown:page=65;section=37;competition_heading_unknown:page=65;section=37;competition_heading_unknown:page=65;section=37;competition_heading_unknown:page=65;section=37;competition_heading_unknown:page=65;section=37;competition_heading_unknown:page=65;section=37;competition_heading_unknown:page=65;section=37;competition_heading_unknown:page=66;section=37;competition_heading_unknown:page=66;section=37;competition_heading_unknown:page=66;section=37;competition_heading_unknown:page=66;section=37;competition_heading_unknown:page=66;section=37;competition_heading_unknown:page=66;section=37;competition_heading_unknown:page=66;section=37;competition_heading_unknown:page=66;section=37;competition_heading_unknown:page=66;section=37;competition_heading_unknown:page=66;section=37;competition_heading_unknown:page=66;section=37;competition_heading_unknown:page=66;section=37;competition_heading_unknown:page=66;section=37;competition_heading_unknown:page=66;section=37;competition_heading_unknown:page=66;section=37;competition_heading_unknown:page=66;section=38;competition_heading_unknown:page=66;section=38;competition_heading_unknown:page=66;section=38;competition_heading_unknown:page=66;section=38;competition_heading_unknown:page=66;section=38;competition_heading_unknown:page=66;section=38;competition_heading_unknown:page=67;section=38;competition_heading_unknown:page=67;section=38;competition_heading_unknown:page=67;section=38;competition_heading_unknown:page=67;section=38;competition_heading_unknown:page=67;section=38;competition_heading_unknown:page=67;section=38;competition_heading_unknown:page=67;section=38;competition_heading_unknown:page=67;section=38;competition_heading_unknown:page=67;section=38;competition_heading_unknown:page=67;section=38;competition_heading_unknown:page=67;section=38;competition_heading_unknown:page=67;section=38;competition_heading_unknown:page=67;section=38;competition_heading_unknown:page=67;section=38;competition_heading_unknown:page=67;section=38;competition_heading_unknown:page=67;section=38;competition_heading_unknown:page=67;section=38;competition_heading_unknown:page=67;section=38;competition_heading_unknown:page=67;section=38;competition_heading_unknown:page=67;section=38;competition_heading_unknown:page=67;section=38;competition_heading_unknown:page=67;section=38;competition_heading_unknown:page=67;section=38;competition_heading_unknown:page=68;section=38;competition_heading_unknown:page=68;section=38;competition_heading_unknown:page=68;section=39;competition_heading_unknown:page=68;section=39;competition_heading_unknown:page=68;section=39;competition_heading_unknown:page=68;section=39;competition_heading_unknown:page=68;section=39;competition_heading_unknown:page=68;section=39;competition_heading_unknown:page=68;section=39;competition_heading_unknown:page=68;section=39;competition_heading_unknown:page=68;section=39;competition_heading_unknown:page=68;section=39;competition_heading_unknown:page=68;section=39;competition_heading_unknown:page=68;section=39;competition_heading_unknown:page=68;section=39;competition_heading_unknown:page=68;section=39;competition_heading_unknown:page=68;section=39;competition_heading_unknown:page=68;section=39;competition_heading_unknown:page=68;section=39;competition_heading_unknown:page=68;section=39;competition_heading_unknown:page=68;section=39;competition_heading_unknown:page=69;section=39;competition_heading_unknown:page=69;section=39;competition_heading_unknown:page=69;section=39;competition_heading_unknown:page=69;section=39;competition_heading_unknown:page=69;section=39;competition_heading_unknown:page=69;section=39;competition_heading_unknown:page=69;section=39;competition_heading_unknown:page=69;section=39;competition_heading_unknown:page=69;section=39;competition_heading_unknown:page=69;section=39;competition_heading_unknown:page=69;section=39;competition_heading_unknown:page=69;section=39;competition_heading_unknown:page=69;section=39;competition_heading_unknown:page=69;section=39;competition_heading_unknown:page=69;section=39;competition_heading_unknown:page=69;section=39;competition_heading_unknown:page=69;section=39;competition_heading_unknown:page=69;section=39;competition_heading_unknown:page=69;section=39;competition_heading_unknown:page=69;section=39;competition_heading_unknown:page=69;section=39;competition_heading_unknown:page=69;section=39;competition_heading_unknown:page=69;section=39;competition_heading_unknown:page=70;section=39;competition_heading_unknown:page=70;section=39;competition_heading_unknown:page=70;section=39;competition_heading_unknown:page=70;section=39;competition_heading_unknown:page=70;section=39;competition_heading_unknown:page=70;section=39;competition_heading_unknown:page=70;section=39;competition_heading_unknown:page=70;section=39;competition_heading_unknown:page=70;section=39;competition_heading_unknown:page=70;section=39;competition_heading_unknown:page=70;section=39;competition_heading_unknown:page=70;section=39;competition_heading_unknown:page=70;section=39;competition_heading_unknown:page=70;section=39;competition_heading_unknown:page=70;section=39;competition_heading_unknown:page=70;section=39;competition_heading_unknown:page=70;section=39;competition_heading_unknown:page=70;section=39;competition_heading_unknown:page=70;section=39;competition_heading_unknown:page=70;section=39;competition_heading_unknown:page=70;section=39;competition_heading_unknown:page=70;section=39;competition_heading_unknown:page=70;section=39;competition_heading_unknown:page=71;section=39;competition_heading_unknown:page=71;section=39;competition_heading_unknown:page=71;section=39;competition_heading_unknown:page=71;section=39;competition_heading_unknown:page=71;section=39;competition_heading_unknown:page=71;section=39;competition_heading_unknown:page=71;section=39;competition_heading_unknown:page=71;section=39;competition_heading_unknown:page=71;section=39;competition_heading_unknown:page=71;section=39;competition_heading_unknown:page=71;section=39;competition_heading_unknown:page=71;section=39;competition_heading_unknown:page=71;section=39;competition_heading_unknown:page=71;section=39;competition_heading_unknown:page=71;section=39;competition_heading_unknown:page=71;section=39;competition_heading_unknown:page=71;section=39;competition_heading_unknown:page=71;section=39;competition_heading_unknown:page=71;section=39;competition_heading_unknown:page=71;section=39;competition_heading_unknown:page=71;section=39;competition_heading_unknown:page=71;section=39;competition_heading_unknown:page=71;section=39;competition_heading_unknown:page=72;section=39;competition_heading_unknown:page=72;section=39;competition_heading_unknown:page=72;section=39;competition_heading_unknown:page=72;section=39;competition_heading_unknown:page=72;section=39;competition_heading_unknown:page=72;section=39;competition_heading_unknown:page=72;section=39;competition_heading_unknown:page=72;section=39;competition_heading_unknown:page=72;section=39;competition_heading_unknown:page=72;section=39;competition_heading_unknown:page=72;section=39;competition_heading_unknown:page=72;section=39;competition_heading_unknown:page=72;section=39;competition_heading_unknown:page=72;section=39;competition_heading_unknown:page=72;section=39;competition_heading_unknown:page=72;section=39;competition_heading_unknown:page=72;section=39;competition_heading_unknown:page=72;section=39;competition_heading_unknown:page=72;section=39;competition_heading_unknown:page=72;section=39;competition_heading_unknown:page=72;section=39;competition_heading_unknown:page=72;section=39;competition_heading_unknown:page=72;section=39;competition_heading_unknown:page=73;section=39;competition_heading_unknown:page=73;section=39;competition_heading_unknown:page=73;section=39;competition_heading_unknown:page=73;section=39;competition_heading_unknown:page=73;section=39;competition_heading_unknown:page=73;section=39;competition_heading_unknown:page=73;section=39;competition_heading_unknown:page=73;section=39;competition_heading_unknown:page=73;section=39;competition_heading_unknown:page=73;section=39;competition_heading_unknown:page=73;section=39;competition_heading_unknown:page=73;section=39;competition_heading_unknown:page=73;section=39;competition_heading_unknown:page=73;section=39;competition_heading_unknown:page=73;section=39;competition_heading_unknown:page=73;section=39;competition_heading_unknown:page=73;section=39;competition_heading_unknown:page=73;section=39;competition_heading_unknown:page=73;section=39;competition_heading_unknown:page=73;section=39;competition_heading_unknown:page=73;section=39;competition_heading_unknown:page=73;section=39;competition_heading_unknown:page=73;section=39;competition_heading_unknown:page=74;section=39;competition_heading_unknown:page=74;section=39;competition_heading_unknown:page=74;section=39;competition_heading_unknown:page=74;section=39;competition_heading_unknown:page=74;section=39;competition_heading_unknown:page=74;section=39;competition_heading_unknown:page=74;section=39;competition_heading_unknown:page=74;section=39;competition_heading_unknown:page=74;section=39;competition_heading_unknown:page=74;section=39;competition_heading_unknown:page=74;section=39;competition_heading_unknown:page=74;section=39;competition_heading_unknown:page=74;section=39;competition_heading_unknown:page=74;section=39;competition_heading_unknown:page=74;section=39;competition_heading_unknown:page=74;section=39;competition_heading_unknown:page=74;section=39;competition_heading_unknown:page=74;section=39;competition_heading_unknown:page=74;section=39;competition_heading_unknown:page=74;section=39;competition_heading_unknown:page=74;section=39;competition_heading_unknown:page=74;section=39;competition_heading_unknown:page=74;section=39;competition_heading_unknown:page=75;section=39;competition_heading_unknown:page=75;section=39;competition_heading_unknown:page=75;section=39;competition_heading_unknown:page=75;section=39;competition_heading_unknown:page=75;section=39;competition_heading_unknown:page=75;section=39;competition_heading_unknown:page=75;section=39;competition_heading_unknown:page=75;section=39;competition_heading_unknown:page=75;section=39;competition_heading_unknown:page=75;section=39;competition_heading_unknown:page=75;section=39;competition_heading_unknown:page=75;section=39;competition_heading_unknown:page=75;section=39;competition_heading_unknown:page=75;section=39;competition_heading_unknown:page=75;section=39;competition_heading_unknown:page=75;section=39;competition_heading_unknown:page=75;section=39;competition_heading_unknown:page=75;section=39;competition_heading_unknown:page=75;section=39;competition_heading_unknown:page=75;section=40;competition_heading_unknown:page=75;section=40;competition_heading_unknown:page=76;section=40;competition_heading_unknown:page=76;section=40;competition_heading_unknown:page=76;section=40;competition_heading_unknown:page=76;section=40;competition_heading_unknown:page=76;section=40;competition_heading_unknown:page=76;section=40;competition_heading_unknown:page=76;section=40;competition_heading_unknown:page=76;section=40;competition_heading_unknown:page=76;section=40;competition_heading_unknown:page=76;section=40;competition_heading_unknown:page=76;section=40;competition_heading_unknown:page=76;section=41;competition_heading_unknown:page=76;section=41;competition_heading_unknown:page=76;section=41;competition_heading_unknown:page=76;section=41;competition_heading_unknown:page=76;section=41;competition_heading_unknown:page=76;section=41;competition_heading_unknown:page=76;section=41;competition_heading_unknown:page=76;section=41;competition_heading_unknown:page=76;section=41;competition_heading_unknown:page=76;section=41;competition_heading_unknown:page=77;section=41;competition_heading_unknown:page=77;section=41;competition_heading_unknown:page=77;section=41;competition_heading_unknown:page=77;section=41;competition_heading_unknown:page=77;section=41;competition_heading_unknown:page=77;section=41;competition_heading_unknown:page=77;section=41;competition_heading_unknown:page=77;section=41;competition_heading_unknown:page=77;section=41;competition_heading_unknown:page=77;section=41;competition_heading_unknown:page=77;section=41;competition_heading_unknown:page=77;section=41;competition_heading_unknown:page=77;section=41;competition_heading_unknown:page=77;section=41;competition_heading_unknown:page=77;section=41;competition_heading_unknown:page=77;section=41;competition_heading_unknown:page=77;section=41;competition_heading_unknown:page=77;section=41;competition_heading_unknown:page=77;section=41;competition_heading_unknown:page=77;section=41;competition_heading_unknown:page=77;section=41;competition_heading_unknown:page=77;section=41;competition_heading_unknown:page=77;section=41;competition_heading_unknown:page=78;section=41;competition_heading_unknown:page=78;section=41;competition_heading_unknown:page=78;section=41;competition_heading_unknown:page=78;section=41;competition_heading_unknown:page=78;section=41;competition_heading_unknown:page=78;section=41;competition_heading_unknown:page=78;section=41;competition_heading_unknown:page=78;section=41;competition_heading_unknown:page=78;section=41;competition_heading_unknown:page=78;section=41;competition_heading_unknown:page=78;section=42;competition_heading_unknown:page=78;section=42;competition_heading_unknown:page=78;section=42;competition_heading_unknown:page=78;section=42;competition_heading_unknown:page=78;section=42;competition_heading_unknown:page=78;section=42;competition_heading_unknown:page=78;section=42;competition_heading_unknown:page=78;section=42;competition_heading_unknown:page=78;section=42;competition_heading_unknown:page=78;section=42;competition_heading_unknown:page=78;section=42;competition_heading_unknown:page=79;section=42;competition_heading_unknown:page=79;section=42;competition_heading_unknown:page=79;section=42;competition_heading_unknown:page=79;section=42;competition_heading_unknown:page=79;section=42;competition_heading_unknown:page=79;section=42;competition_heading_unknown:page=79;section=42;competition_heading_unknown:page=79;section=42;competition_heading_unknown:page=79;section=42;competition_heading_unknown:page=79;section=42;competition_heading_unknown:page=79;section=42;competition_heading_unknown:page=79;section=42;competition_heading_unknown:page=79;section=42;competition_heading_unknown:page=79;section=42;competition_heading_unknown:page=79;section=42;competition_heading_unknown:page=79;section=42;competition_heading_unknown:page=79;section=42;competition_heading_unknown:page=79;section=42;competition_heading_unknown:page=79;section=42;competition_heading_unknown:page=79;section=42;competition_heading_unknown:page=79;section=42;competition_heading_unknown:page=79;section=42;competition_heading_unknown:page=79;section=42;competition_heading_unknown:page=80;section=42;competition_heading_unknown:page=80;section=42;competition_heading_unknown:page=80;section=42;competition_heading_unknown:page=80;section=42;competition_heading_unknown:page=80;section=42;competition_heading_unknown:page=80;section=42;competition_heading_unknown:page=80;section=42;competition_heading_unknown:page=80;section=42;competition_heading_unknown:page=80;section=42;competition_heading_unknown:page=80;section=42;competition_heading_unknown:page=80;section=42;competition_heading_unknown:page=80;section=42;competition_heading_unknown:page=80;section=42;competition_heading_unknown:page=80;section=42;competition_heading_unknown:page=80;section=42;competition_heading_unknown:page=80;section=42;competition_heading_unknown:page=80;section=42;competition_heading_unknown:page=80;section=42;competition_heading_unknown:page=80;section=42;competition_heading_unknown:page=80;section=42;competition_heading_unknown:page=80;section=42;competition_heading_unknown:page=80;section=42;competition_heading_unknown:page=80;section=42;competition_heading_unknown:page=81;section=42;competition_heading_unknown:page=81;section=42;competition_heading_unknown:page=81;section=42;competition_heading_unknown:page=81;section=42;competition_heading_unknown:page=81;section=42;competition_heading_unknown:page=81;section=42;competition_heading_unknown:page=81;section=42;competition_heading_unknown:page=81;section=42;competition_heading_unknown:page=81;section=42;competition_heading_unknown:page=81;section=42;competition_heading_unknown:page=81;section=42;competition_heading_unknown:page=81;section=42;competition_heading_unknown:page=81;section=42;competition_heading_unknown:page=81;section=42;competition_heading_unknown:page=81;section=42;competition_heading_unknown:page=81;section=42;competition_heading_unknown:page=81;section=42;competition_heading_unknown:page=81;section=42;competition_heading_unknown:page=81;section=42;competition_heading_unknown:page=81;section=42;competition_heading_unknown:page=81;section=42;competition_heading_unknown:page=81;section=42;competition_heading_unknown:page=81;section=42;competition_heading_unknown:page=82;section=42;competition_heading_unknown:page=82;section=42;competition_heading_unknown:page=82;section=42;competition_heading_unknown:page=82;section=42;competition_heading_unknown:page=82;section=42;competition_heading_unknown:page=82;section=42;competition_heading_unknown:page=82;section=42;competition_heading_unknown:page=82;section=42;competition_heading_unknown:page=82;section=42;competition_heading_unknown:page=82;section=42;competition_heading_unknown:page=82;section=42;competition_heading_unknown:page=82;section=42;competition_heading_unknown:page=82;section=42;competition_heading_unknown:page=82;section=42;competition_heading_unknown:page=82;section=42;competition_heading_unknown:page=82;section=42;competition_heading_unknown:page=82;section=42;competition_heading_unknown:page=82;section=42;competition_heading_unknown:page=82;section=42;competition_heading_unknown:page=82;section=42;competition_heading_unknown:page=82;section=42;competition_heading_unknown:page=82;section=42;competition_heading_unknown:page=82;section=42;competition_heading_unknown:page=83;section=42;competition_heading_unknown:page=83;section=42;competition_heading_unknown:page=83;section=42;competition_heading_unknown:page=83;section=42;competition_heading_unknown:page=83;section=42;competition_heading_unknown:page=83;section=42;competition_heading_unknown:page=83;section=42;competition_heading_unknown:page=83;section=43;competition_heading_unknown:page=83;section=43;competition_heading_unknown:page=83;section=43;competition_heading_unknown:page=83;section=43;competition_heading_unknown:page=83;section=43;competition_heading_unknown:page=83;section=43;competition_heading_unknown:page=83;section=43;competition_heading_unknown:page=83;section=43;competition_heading_unknown:page=83;section=43;competition_heading_unknown:page=83;section=43;competition_heading_unknown:page=83;section=43;competition_heading_unknown:page=83;section=43;competition_heading_unknown:page=83;section=43;competition_heading_unknown:page=83;section=43;competition_heading_unknown:page=84;section=43;competition_heading_unknown:page=84;section=43;competition_heading_unknown:page=84;section=43;competition_heading_unknown:page=84;section=43;competition_heading_unknown:page=84;section=43;competition_heading_unknown:page=84;section=43;competition_heading_unknown:page=84;section=43;competition_heading_unknown:page=84;section=43;competition_heading_unknown:page=84;section=43;competition_heading_unknown:page=84;section=43;competition_heading_unknown:page=84;section=43;competition_heading_unknown:page=84;section=43;competition_heading_unknown:page=84;section=43;competition_heading_unknown:page=84;section=43;competition_heading_unknown:page=84;section=43;competition_heading_unknown:page=84;section=43;competition_heading_unknown:page=84;section=43;competition_heading_unknown:page=84;section=43;competition_heading_unknown:page=84;section=43;competition_heading_unknown:page=84;section=43;competition_heading_unknown:page=84;section=43;competition_heading_unknown:page=84;section=43;competition_heading_unknown:page=84;section=43;competition_heading_unknown:page=85;section=43;competition_heading_unknown:page=85;section=43;competition_heading_unknown:page=85;section=43;competition_heading_unknown:page=85;section=43;competition_heading_unknown:page=85;section=43;competition_heading_unknown:page=85;section=43;competition_heading_unknown:page=85;section=43;competition_heading_unknown:page=85;section=43;competition_heading_unknown:page=85;section=43;competition_heading_unknown:page=85;section=43;competition_heading_unknown:page=85;section=43;competition_heading_unknown:page=85;section=43;competition_heading_unknown:page=85;section=43;competition_heading_unknown:page=85;section=43;competition_heading_unknown:page=85;section=43;competition_heading_unknown:page=85;section=43;competition_heading_unknown:page=85;section=43;competition_heading_unknown:page=85;section=43;competition_heading_unknown:page=85;section=43;competition_heading_unknown:page=85;section=44;competition_heading_unknown:page=85;section=44;competition_heading_unknown:page=85;section=44;competition_heading_unknown:page=86;section=44;competition_heading_unknown:page=86;section=44;competition_heading_unknown:page=86;section=44;competition_heading_unknown:page=86;section=44;competition_heading_unknown:page=86;section=44;competition_heading_unknown:page=86;section=44;competition_heading_unknown:page=86;section=44;competition_heading_unknown:page=86;section=44;competition_heading_unknown:page=86;section=44;competition_heading_unknown:page=86;section=44;competition_heading_unknown:page=86;section=44;competition_heading_unknown:page=86;section=44;competition_heading_unknown:page=86;section=44;competition_heading_unknown:page=86;section=44;competition_heading_unknown:page=86;section=44;competition_heading_unknown:page=86;section=44;competition_heading_unknown:page=86;section=44;competition_heading_unknown:page=86;section=44;competition_heading_unknown:page=86;section=44;competition_heading_unknown:page=86;section=44;competition_heading_unknown:page=86;section=44;competition_heading_unknown:page=86;section=45;competition_heading_unknown:page=87;section=45;competition_heading_unknown:page=87;section=45;competition_heading_unknown:page=87;section=45;competition_heading_unknown:page=87;section=45;competition_heading_unknown:page=87;section=45;competition_heading_unknown:page=87;section=45;competition_heading_unknown:page=87;section=45;competition_heading_unknown:page=87;section=45;competition_heading_unknown:page=87;section=46;competition_heading_unknown:page=87;section=46;competition_heading_unknown:page=87;section=46;competition_heading_unknown:page=87;section=46;competition_heading_unknown:page=87;section=46;competition_heading_unknown:page=87;section=46;competition_heading_unknown:page=87;section=46;competition_heading_unknown:page=87;section=46;competition_heading_unknown:page=87;section=46;competition_heading_unknown:page=87;section=46;competition_heading_unknown:page=87;section=46
schema:department,orm_schema_gap_department,,Current ORM has no Department entity or explicit Direction-to-Department and Profile-to-Department columns; bundle keeps departments and source-backed relations by official department codes.
schema:requirements,orm_schema_gap_requirement_tree,,Current exam requirement table is flat; bundle preserves the source logic tree (AND/OR/AT_LEAST) and exact alternative coloring for a later loader mapping.
schema:achievements,orm_schema_gap_achievement_policy,,Current ORM does not model the complete campaign-specific individual-achievement policy; retained entries are stored in JSONL.
schema:curriculum,orm_schema_gap_curriculum_detail,,Current curriculum item schema does not provide separate lecture/practice/lab hour fields; exact profile plan rows and reported totals are retained without copying totals into semesters.
schema:campaign,orm_schema_gap_admission_campaign,,There is no dedicated campaign-date entity in the current schema; source-backed dates are exported separately under campaign_date records.
catalog:course-descriptions,official_course_descriptions_not_found,https://bmstu.ru/bachelor/majors,"Profile cards and plan files publish discipline names, but a distinct official description for each course was not present; course descriptions remain null."
exam_requirement:bmstu:2026:app1:18.03.01:p2:t2:r5,record_reference_unresolved,https://api.www.bmstu.ru/file/123748/download,"direction_key points to direction:bmstu:18.03.01, which is absent from JSONL entities and the source artifact manifest."
exam_requirement:bmstu:2026:app1:35.03.01:p2:t2:r8,record_reference_unresolved,https://api.www.bmstu.ru/file/123748/download,"direction_key points to direction:bmstu:35.03.01, which is absent from JSONL entities and the source artifact manifest."
exam_requirement:bmstu:2026:app1:35.03.02:p2:t2:r9,record_reference_unresolved,https://api.www.bmstu.ru/file/123748/download,"direction_key points to direction:bmstu:35.03.02, which is absent from JSONL entities and the source artifact manifest."
exam_requirement:bmstu:2026:app1:35.03.10:p2:t2:r10,record_reference_unresolved,https://api.www.bmstu.ru/file/123748/download,"direction_key points to direction:bmstu:35.03.10, which is absent from JSONL entities and the source artifact manifest."
exam_requirement:bmstu:2026:app1:27.03.02:p3:t1:r17,record_reference_unresolved,https://api.www.bmstu.ru/file/123748/download,"direction_key points to direction:bmstu:27.03.02, which is absent from JSONL entities and the source artifact manifest."
exam_requirement:bmstu:2026:app1:27.03.03:p3:t1:r18,record_reference_unresolved,https://api.www.bmstu.ru/file/123748/download,"direction_key points to direction:bmstu:27.03.03, which is absent from JSONL entities and the source artifact manifest."
tuition:bmstu:40.05.03:2026-2027:table1:row51,record_reference_unresolved,https://isot.bmstu.ru/edu/cost,"direction_key points to direction:bmstu:40.05.03, which is absent from JSONL entities and the source artifact manifest."
tuition:bmstu:01.04.03:2026-2027:table2:row2,record_reference_unresolved,https://isot.bmstu.ru/edu/cost,"direction_key points to direction:bmstu:01.04.03, which is absent from JSONL entities and the source artifact manifest."
tuition:bmstu:01.04.04:2026-2027:table2:row3,record_reference_unresolved,https://isot.bmstu.ru/edu/cost,"direction_key points to direction:bmstu:01.04.04, which is absent from JSONL entities and the source artifact manifest."
tuition:bmstu:02.04.01:2026-2027:table2:row4,record_reference_unresolved,https://isot.bmstu.ru/edu/cost,"direction_key points to direction:bmstu:02.04.01, which is absent from JSONL entities and the source artifact manifest."
tuition:bmstu:09.04.01:2026-2027:table2:row5,record_reference_unresolved,https://isot.bmstu.ru/edu/cost,"direction_key points to direction:bmstu:09.04.01, which is absent from JSONL entities and the source artifact manifest."
tuition:bmstu:09.04.02:2026-2027:table2:row6,record_reference_unresolved,https://isot.bmstu.ru/edu/cost,"direction_key points to direction:bmstu:09.04.02, which is absent from JSONL entities and the source artifact manifest."
tuition:bmstu:09.04.03:2026-2027:table2:row7,record_reference_unresolved,https://isot.bmstu.ru/edu/cost,"direction_key points to direction:bmstu:09.04.03, which is absent from JSONL entities and the source artifact manifest."
tuition:bmstu:09.04.04:2026-2027:table2:row8,record_reference_unresolved,https://isot.bmstu.ru/edu/cost,"direction_key points to direction:bmstu:09.04.04, which is absent from JSONL entities and the source artifact manifest."
tuition:bmstu:10.04.01:2026-2027:table2:row9,record_reference_unresolved,https://isot.bmstu.ru/edu/cost,"direction_key points to direction:bmstu:10.04.01, which is absent from JSONL entities and the source artifact manifest."
tuition:bmstu:11.04.03:2026-2027:table2:row10,record_reference_unresolved,https://isot.bmstu.ru/edu/cost,"direction_key points to direction:bmstu:11.04.03, which is absent from JSONL entities and the source artifact manifest."
tuition:bmstu:11.04.04:2026-2027:table2:row11,record_reference_unresolved,https://isot.bmstu.ru/edu/cost,"direction_key points to direction:bmstu:11.04.04, which is absent from JSONL entities and the source artifact manifest."
tuition:bmstu:12.04.02:2026-2027:table2:row12,record_reference_unresolved,https://isot.bmstu.ru/edu/cost,"direction_key points to direction:bmstu:12.04.02, which is absent from JSONL entities and the source artifact manifest."
tuition:bmstu:12.04.04:2026-2027:table2:row13,record_reference_unresolved,https://isot.bmstu.ru/edu/cost,"direction_key points to direction:bmstu:12.04.04, which is absent from JSONL entities and the source artifact manifest."
tuition:bmstu:12.04.05:2026-2027:table2:row14,record_reference_unresolved,https://isot.bmstu.ru/edu/cost,"direction_key points to direction:bmstu:12.04.05, which is absent from JSONL entities and the source artifact manifest."
tuition:bmstu:13.04.02:2026-2027:table2:row15,record_reference_unresolved,https://isot.bmstu.ru/edu/cost,"direction_key points to direction:bmstu:13.04.02, which is absent from JSONL entities and the source artifact manifest."
tuition:bmstu:13.04.03:2026-2027:table2:row16,record_reference_unresolved,https://isot.bmstu.ru/edu/cost,"direction_key points to direction:bmstu:13.04.03, which is absent from JSONL entities and the source artifact manifest."
tuition:bmstu:14.04.01:2026-2027:table2:row17,record_reference_unresolved,https://isot.bmstu.ru/edu/cost,"direction_key points to direction:bmstu:14.04.01, which is absent from JSONL entities and the source artifact manifest."
tuition:bmstu:15.04.01:2026-2027:table2:row18,record_reference_unresolved,https://isot.bmstu.ru/edu/cost,"direction_key points to direction:bmstu:15.04.01, which is absent from JSONL entities and the source artifact manifest."
tuition:bmstu:15.04.02:2026-2027:table2:row19,record_reference_unresolved,https://isot.bmstu.ru/edu/cost,"direction_key points to direction:bmstu:15.04.02, which is absent from JSONL entities and the source artifact manifest."
tuition:bmstu:15.04.03:2026-2027:table2:row20,record_reference_unresolved,https://isot.bmstu.ru/edu/cost,"direction_key points to direction:bmstu:15.04.03, which is absent from JSONL entities and the source artifact manifest."
tuition:bmstu:15.04.04:2026-2027:table2:row21,record_reference_unresolved,https://isot.bmstu.ru/edu/cost,"direction_key points to direction:bmstu:15.04.04, which is absent from JSONL entities and the source artifact manifest."
tuition:bmstu:15.04.06:2026-2027:table2:row22,record_reference_unresolved,https://isot.bmstu.ru/edu/cost,"direction_key points to direction:bmstu:15.04.06, which is absent from JSONL entities and the source artifact manifest."
tuition:bmstu:16.04.01:2026-2027:table2:row23,record_reference_unresolved,https://isot.bmstu.ru/edu/cost,"direction_key points to direction:bmstu:16.04.01, which is absent from JSONL entities and the source artifact manifest."
tuition:bmstu:16.04.02:2026-2027:table2:row24,record_reference_unresolved,https://isot.bmstu.ru/edu/cost,"direction_key points to direction:bmstu:16.04.02, which is absent from JSONL entities and the source artifact manifest."
tuition:bmstu:16.04.03:2026-2027:table2:row25,record_reference_unresolved,https://isot.bmstu.ru/edu/cost,"direction_key points to direction:bmstu:16.04.03, which is absent from JSONL entities and the source artifact manifest."
tuition:bmstu:18.04.01:2026-2027:table2:row26,record_reference_unresolved,https://isot.bmstu.ru/edu/cost,"direction_key points to direction:bmstu:18.04.01, which is absent from JSONL entities and the source artifact manifest."
tuition:bmstu:19.04.01:2026-2027:table2:row27,record_reference_unresolved,https://isot.bmstu.ru/edu/cost,"direction_key points to direction:bmstu:19.04.01, which is absent from JSONL entities and the source artifact manifest."
tuition:bmstu:20.04.01:2026-2027:table2:row28,record_reference_unresolved,https://isot.bmstu.ru/edu/cost,"direction_key points to direction:bmstu:20.04.01, which is absent from JSONL entities and the source artifact manifest."
tuition:bmstu:22.04.01:2026-2027:table2:row29,record_reference_unresolved,https://isot.bmstu.ru/edu/cost,"direction_key points to direction:bmstu:22.04.01, which is absent from JSONL entities and the source artifact manifest."
tuition:bmstu:23.04.02:2026-2027:table2:row30,record_reference_unresolved,https://isot.bmstu.ru/edu/cost,"direction_key points to direction:bmstu:23.04.02, which is absent from JSONL entities and the source artifact manifest."
tuition:bmstu:24.04.01:2026-2027:table2:row31,record_reference_unresolved,https://isot.bmstu.ru/edu/cost,"direction_key points to direction:bmstu:24.04.01, which is absent from JSONL entities and the source artifact manifest."
tuition:bmstu:24.04.03:2026-2027:table2:row32,record_reference_unresolved,https://isot.bmstu.ru/edu/cost,"direction_key points to direction:bmstu:24.04.03, which is absent from JSONL entities and the source artifact manifest."
tuition:bmstu:27.04.01:2026-2027:table2:row33,record_reference_unresolved,https://isot.bmstu.ru/edu/cost,"direction_key points to direction:bmstu:27.04.01, which is absent from JSONL entities and the source artifact manifest."
tuition:bmstu:27.04.02:2026-2027:table2:row34,record_reference_unresolved,https://isot.bmstu.ru/edu/cost,"direction_key points to direction:bmstu:27.04.02, which is absent from JSONL entities and the source artifact manifest."
tuition:bmstu:27.04.03:2026-2027:table2:row35,record_reference_unresolved,https://isot.bmstu.ru/edu/cost,"direction_key points to direction:bmstu:27.04.03, which is absent from JSONL entities and the source artifact manifest."
tuition:bmstu:27.04.04:2026-2027:table2:row36,record_reference_unresolved,https://isot.bmstu.ru/edu/cost,"direction_key points to direction:bmstu:27.04.04, which is absent from JSONL entities and the source artifact manifest."
tuition:bmstu:27.04.06:2026-2027:table2:row37,record_reference_unresolved,https://isot.bmstu.ru/edu/cost,"direction_key points to direction:bmstu:27.04.06, which is absent from JSONL entities and the source artifact manifest."
tuition:bmstu:27.04.07:2026-2027:table2:row38,record_reference_unresolved,https://isot.bmstu.ru/edu/cost,"direction_key points to direction:bmstu:27.04.07, which is absent from JSONL entities and the source artifact manifest."
tuition:bmstu:27.04.08:2026-2027:table2:row39,record_reference_unresolved,https://isot.bmstu.ru/edu/cost,"direction_key points to direction:bmstu:27.04.08, which is absent from JSONL entities and the source artifact manifest."
tuition:bmstu:28.04.02:2026-2027:table2:row40,record_reference_unresolved,https://isot.bmstu.ru/edu/cost,"direction_key points to direction:bmstu:28.04.02, which is absent from JSONL entities and the source artifact manifest."
tuition:bmstu:38.04.01:2026-2027:table2:row41,record_reference_unresolved,https://isot.bmstu.ru/edu/cost,"direction_key points to direction:bmstu:38.04.01, which is absent from JSONL entities and the source artifact manifest."
tuition:bmstu:38.04.02:2026-2027:table2:row42,record_reference_unresolved,https://isot.bmstu.ru/edu/cost,"direction_key points to direction:bmstu:38.04.02, which is absent from JSONL entities and the source artifact manifest."
tuition:bmstu:39.04.01:2026-2027:table2:row43,record_reference_unresolved,https://isot.bmstu.ru/edu/cost,"direction_key points to direction:bmstu:39.04.01, which is absent from JSONL entities and the source artifact manifest."
tuition:bmstu:45.04.02:2026-2027:table2:row44,record_reference_unresolved,https://isot.bmstu.ru/edu/cost,"direction_key points to direction:bmstu:45.04.02, which is absent from JSONL entities and the source artifact manifest."
tuition:bmstu:54.04.01:2026-2027:table2:row45,record_reference_unresolved,https://isot.bmstu.ru/edu/cost,"direction_key points to direction:bmstu:54.04.01, which is absent from JSONL entities and the source artifact manifest."
tuition:bmstu:40.05.03:2025-2026:table3:row19,record_reference_unresolved,https://isot.bmstu.ru/edu/cost,"direction_key points to direction:bmstu:40.05.03, which is absent from JSONL entities and the source artifact manifest."
tuition:bmstu:19.03.01:2025-2026:table4:row24,record_reference_unresolved,https://isot.bmstu.ru/edu/cost,"direction_key points to direction:bmstu:19.03.01, which is absent from JSONL entities and the source artifact manifest."
tuition:bmstu:39.03.01:2025-2026:table4:row35,record_reference_unresolved,https://isot.bmstu.ru/edu/cost,"direction_key points to direction:bmstu:39.03.01, which is absent from JSONL entities and the source artifact manifest."
tuition:bmstu:01.04.03:2025-2026:table5:row2,record_reference_unresolved,https://isot.bmstu.ru/edu/cost,"direction_key points to direction:bmstu:01.04.03, which is absent from JSONL entities and the source artifact manifest."
tuition:bmstu:01.04.04:2025-2026:table5:row3,record_reference_unresolved,https://isot.bmstu.ru/edu/cost,"direction_key points to direction:bmstu:01.04.04, which is absent from JSONL entities and the source artifact manifest."
tuition:bmstu:09.04.01:2025-2026:table5:row4,record_reference_unresolved,https://isot.bmstu.ru/edu/cost,"direction_key points to direction:bmstu:09.04.01, which is absent from JSONL entities and the source artifact manifest."
tuition:bmstu:09.04.02:2025-2026:table5:row5,record_reference_unresolved,https://isot.bmstu.ru/edu/cost,"direction_key points to direction:bmstu:09.04.02, which is absent from JSONL entities and the source artifact manifest."
tuition:bmstu:09.04.03:2025-2026:table5:row6,record_reference_unresolved,https://isot.bmstu.ru/edu/cost,"direction_key points to direction:bmstu:09.04.03, which is absent from JSONL entities and the source artifact manifest."
tuition:bmstu:09.04.04:2025-2026:table5:row7,record_reference_unresolved,https://isot.bmstu.ru/edu/cost,"direction_key points to direction:bmstu:09.04.04, which is absent from JSONL entities and the source artifact manifest."
tuition:bmstu:10.04.01:2025-2026:table5:row8,record_reference_unresolved,https://isot.bmstu.ru/edu/cost,"direction_key points to direction:bmstu:10.04.01, which is absent from JSONL entities and the source artifact manifest."
tuition:bmstu:11.04.03:2025-2026:table5:row9,record_reference_unresolved,https://isot.bmstu.ru/edu/cost,"direction_key points to direction:bmstu:11.04.03, which is absent from JSONL entities and the source artifact manifest."
tuition:bmstu:11.04.04:2025-2026:table5:row10,record_reference_unresolved,https://isot.bmstu.ru/edu/cost,"direction_key points to direction:bmstu:11.04.04, which is absent from JSONL entities and the source artifact manifest."
tuition:bmstu:12.04.02:2025-2026:table5:row11,record_reference_unresolved,https://isot.bmstu.ru/edu/cost,"direction_key points to direction:bmstu:12.04.02, which is absent from JSONL entities and the source artifact manifest."
tuition:bmstu:12.04.04:2025-2026:table5:row12,record_reference_unresolved,https://isot.bmstu.ru/edu/cost,"direction_key points to direction:bmstu:12.04.04, which is absent from JSONL entities and the source artifact manifest."
tuition:bmstu:12.04.05:2025-2026:table5:row13,record_reference_unresolved,https://isot.bmstu.ru/edu/cost,"direction_key points to direction:bmstu:12.04.05, which is absent from JSONL entities and the source artifact manifest."
tuition:bmstu:13.04.02:2025-2026:table5:row14,record_reference_unresolved,https://isot.bmstu.ru/edu/cost,"direction_key points to direction:bmstu:13.04.02, which is absent from JSONL entities and the source artifact manifest."
tuition:bmstu:13.04.03:2025-2026:table5:row15,record_reference_unresolved,https://isot.bmstu.ru/edu/cost,"direction_key points to direction:bmstu:13.04.03, which is absent from JSONL entities and the source artifact manifest."
tuition:bmstu:14.04.01:2025-2026:table5:row16,record_reference_unresolved,https://isot.bmstu.ru/edu/cost,"direction_key points to direction:bmstu:14.04.01, which is absent from JSONL entities and the source artifact manifest."
tuition:bmstu:15.04.01:2025-2026:table5:row17,record_reference_unresolved,https://isot.bmstu.ru/edu/cost,"direction_key points to direction:bmstu:15.04.01, which is absent from JSONL entities and the source artifact manifest."
tuition:bmstu:15.04.02:2025-2026:table5:row18,record_reference_unresolved,https://isot.bmstu.ru/edu/cost,"direction_key points to direction:bmstu:15.04.02, which is absent from JSONL entities and the source artifact manifest."
tuition:bmstu:15.04.03:2025-2026:table5:row19,record_reference_unresolved,https://isot.bmstu.ru/edu/cost,"direction_key points to direction:bmstu:15.04.03, which is absent from JSONL entities and the source artifact manifest."
tuition:bmstu:15.04.04:2025-2026:table5:row20,record_reference_unresolved,https://isot.bmstu.ru/edu/cost,"direction_key points to direction:bmstu:15.04.04, which is absent from JSONL entities and the source artifact manifest."
tuition:bmstu:15.04.06:2025-2026:table5:row21,record_reference_unresolved,https://isot.bmstu.ru/edu/cost,"direction_key points to direction:bmstu:15.04.06, which is absent from JSONL entities and the source artifact manifest."
tuition:bmstu:16.04.01:2025-2026:table5:row22,record_reference_unresolved,https://isot.bmstu.ru/edu/cost,"direction_key points to direction:bmstu:16.04.01, which is absent from JSONL entities and the source artifact manifest."
tuition:bmstu:16.04.02:2025-2026:table5:row23,record_reference_unresolved,https://isot.bmstu.ru/edu/cost,"direction_key points to direction:bmstu:16.04.02, which is absent from JSONL entities and the source artifact manifest."
tuition:bmstu:16.04.03:2025-2026:table5:row24,record_reference_unresolved,https://isot.bmstu.ru/edu/cost,"direction_key points to direction:bmstu:16.04.03, which is absent from JSONL entities and the source artifact manifest."
tuition:bmstu:18.04.01:2025-2026:table5:row25,record_reference_unresolved,https://isot.bmstu.ru/edu/cost,"direction_key points to direction:bmstu:18.04.01, which is absent from JSONL entities and the source artifact manifest."
tuition:bmstu:19.04.01:2025-2026:table5:row26,record_reference_unresolved,https://isot.bmstu.ru/edu/cost,"direction_key points to direction:bmstu:19.04.01, which is absent from JSONL entities and the source artifact manifest."
tuition:bmstu:20.04.01:2025-2026:table5:row27,record_reference_unresolved,https://isot.bmstu.ru/edu/cost,"direction_key points to direction:bmstu:20.04.01, which is absent from JSONL entities and the source artifact manifest."
tuition:bmstu:22.04.01:2025-2026:table5:row28,record_reference_unresolved,https://isot.bmstu.ru/edu/cost,"direction_key points to direction:bmstu:22.04.01, which is absent from JSONL entities and the source artifact manifest."
tuition:bmstu:23.04.02:2025-2026:table5:row29,record_reference_unresolved,https://isot.bmstu.ru/edu/cost,"direction_key points to direction:bmstu:23.04.02, which is absent from JSONL entities and the source artifact manifest."
tuition:bmstu:24.04.01:2025-2026:table5:row30,record_reference_unresolved,https://isot.bmstu.ru/edu/cost,"direction_key points to direction:bmstu:24.04.01, which is absent from JSONL entities and the source artifact manifest."
tuition:bmstu:24.04.03:2025-2026:table5:row31,record_reference_unresolved,https://isot.bmstu.ru/edu/cost,"direction_key points to direction:bmstu:24.04.03, which is absent from JSONL entities and the source artifact manifest."
tuition:bmstu:27.04.01:2025-2026:table5:row32,record_reference_unresolved,https://isot.bmstu.ru/edu/cost,"direction_key points to direction:bmstu:27.04.01, which is absent from JSONL entities and the source artifact manifest."
tuition:bmstu:27.04.02:2025-2026:table5:row33,record_reference_unresolved,https://isot.bmstu.ru/edu/cost,"direction_key points to direction:bmstu:27.04.02, which is absent from JSONL entities and the source artifact manifest."
tuition:bmstu:27.04.03:2025-2026:table5:row34,record_reference_unresolved,https://isot.bmstu.ru/edu/cost,"direction_key points to direction:bmstu:27.04.03, which is absent from JSONL entities and the source artifact manifest."
tuition:bmstu:27.04.04:2025-2026:table5:row35,record_reference_unresolved,https://isot.bmstu.ru/edu/cost,"direction_key points to direction:bmstu:27.04.04, which is absent from JSONL entities and the source artifact manifest."
tuition:bmstu:27.04.06:2025-2026:table5:row36,record_reference_unresolved,https://isot.bmstu.ru/edu/cost,"direction_key points to direction:bmstu:27.04.06, which is absent from JSONL entities and the source artifact manifest."
tuition:bmstu:27.04.07:2025-2026:table5:row37,record_reference_unresolved,https://isot.bmstu.ru/edu/cost,"direction_key points to direction:bmstu:27.04.07, which is absent from JSONL entities and the source artifact manifest."
tuition:bmstu:27.04.08:2025-2026:table5:row38,record_reference_unresolved,https://isot.bmstu.ru/edu/cost,"direction_key points to direction:bmstu:27.04.08, which is absent from JSONL entities and the source artifact manifest."
tuition:bmstu:28.04.02:2025-2026:table5:row39,record_reference_unresolved,https://isot.bmstu.ru/edu/cost,"direction_key points to direction:bmstu:28.04.02, which is absent from JSONL entities and the source artifact manifest."
tuition:bmstu:38.04.01:2025-2026:table5:row40,record_reference_unresolved,https://isot.bmstu.ru/edu/cost,"direction_key points to direction:bmstu:38.04.01, which is absent from JSONL entities and the source artifact manifest."
tuition:bmstu:38.04.02:2025-2026:table5:row41,record_reference_unresolved,https://isot.bmstu.ru/edu/cost,"direction_key points to direction:bmstu:38.04.02, which is absent from JSONL entities and the source artifact manifest."
tuition:bmstu:39.04.01:2025-2026:table5:row42,record_reference_unresolved,https://isot.bmstu.ru/edu/cost,"direction_key points to direction:bmstu:39.04.01, which is absent from JSONL entities and the source artifact manifest."
tuition:bmstu:45.04.02:2025-2026:table5:row43,record_reference_unresolved,https://isot.bmstu.ru/edu/cost,"direction_key points to direction:bmstu:45.04.02, which is absent from JSONL entities and the source artifact manifest."
tuition:bmstu:54.04.01:2025-2026:table5:row44,record_reference_unresolved,https://isot.bmstu.ru/edu/cost,"direction_key points to direction:bmstu:54.04.01, which is absent from JSONL entities and the source artifact manifest."
tuition:bmstu:40.05.03:2024-2025:table6:row19,record_reference_unresolved,https://isot.bmstu.ru/edu/cost,"direction_key points to direction:bmstu:40.05.03, which is absent from JSONL entities and the source artifact manifest."
tuition:bmstu:12.03.02:2024-2025:table7:row12,record_reference_unresolved,https://isot.bmstu.ru/edu/cost,"direction_key points to direction:bmstu:12.03.02, which is absent from JSONL entities and the source artifact manifest."
tuition:bmstu:19.03.01:2024-2025:table7:row25,record_reference_unresolved,https://isot.bmstu.ru/edu/cost,"direction_key points to direction:bmstu:19.03.01, which is absent from JSONL entities and the source artifact manifest."
tuition:bmstu:39.03.01:2024-2025:table7:row36,record_reference_unresolved,https://isot.bmstu.ru/edu/cost,"direction_key points to direction:bmstu:39.03.01, which is absent from JSONL entities and the source artifact manifest."
tuition:bmstu:40.05.03:2023-2024:table8:row19,record_reference_unresolved,https://isot.bmstu.ru/edu/cost,"direction_key points to direction:bmstu:40.05.03, which is absent from JSONL entities and the source artifact manifest."
tuition:bmstu:12.03.02:2023-2024:table9:row12,record_reference_unresolved,https://isot.bmstu.ru/edu/cost,"direction_key points to direction:bmstu:12.03.02, which is absent from JSONL entities and the source artifact manifest."
tuition:bmstu:14.03.01:2023-2024:table9:row17,record_reference_unresolved,https://isot.bmstu.ru/edu/cost,"direction_key points to direction:bmstu:14.03.01, which is absent from JSONL entities and the source artifact manifest."
tuition:bmstu:39.03.01:2023-2024:table9:row36,record_reference_unresolved,https://isot.bmstu.ru/edu/cost,"direction_key points to direction:bmstu:39.03.01, which is absent from JSONL entities and the source artifact manifest."
tuition:bmstu:40.05.03:2022-2023:table10:row19,record_reference_unresolved,https://isot.bmstu.ru/edu/cost,"direction_key points to direction:bmstu:40.05.03, which is absent from JSONL entities and the source artifact manifest."
admission_statistic:bmstu:2025:01.03.02:paid:ИУ9К,record_reference_unresolved,https://course.bmstu.ru/edu/abiturient/,"department_key points to department:bmstu:ИУ9К, which is absent from JSONL entities and the source artifact manifest."
admission_statistic:bmstu:2021:02.03.01:paid:АК3,record_reference_unresolved,https://course.bmstu.ru/edu/abiturient/,"department_key points to department:bmstu:АК3, which is absent from JSONL entities and the source artifact manifest."
admission_statistic:bmstu:2025:09.03.01:paid:РТ5,record_reference_unresolved,https://course.bmstu.ru/edu/abiturient/,"department_key points to department:bmstu:РТ5, which is absent from JSONL entities and the source artifact manifest."
admission_statistic:bmstu:2023:09.03.01:paid:РТ5,record_reference_unresolved,https://course.bmstu.ru/edu/abiturient/,"department_key points to department:bmstu:РТ5, which is absent from JSONL entities and the source artifact manifest."
admission_statistic:bmstu:2022:09.03.01:paid:РТ5,record_reference_unresolved,https://course.bmstu.ru/edu/abiturient/,"department_key points to department:bmstu:РТ5, which is absent from JSONL entities and the source artifact manifest."
admission_statistic:bmstu:2021:09.03.01:paid:РТ5,record_reference_unresolved,https://course.bmstu.ru/edu/abiturient/,"department_key points to department:bmstu:РТ5, which is absent from JSONL entities and the source artifact manifest."
admission_statistic:bmstu:2020:09.03.01:paid:РТ5,record_reference_unresolved,https://course.bmstu.ru/edu/abiturient/,"department_key points to department:bmstu:РТ5, which is absent from JSONL entities and the source artifact manifest."
admission_statistic:bmstu:2025:09.03.01:paid:ИУ5К,record_reference_unresolved,https://course.bmstu.ru/edu/abiturient/,"department_key points to department:bmstu:ИУ5К, which is absent from JSONL entities and the source artifact manifest."
admission_statistic:bmstu:2025:11.03.03:paid:ИУ4К,record_reference_unresolved,https://course.bmstu.ru/edu/abiturient/,"department_key points to department:bmstu:ИУ4К, which is absent from JSONL entities and the source artifact manifest."
admission_statistic:bmstu:2023:11.05.01:paid:РТ1,record_reference_unresolved,https://course.bmstu.ru/edu/abiturient/,"department_key points to department:bmstu:РТ1, which is absent from JSONL entities and the source artifact manifest."
admission_statistic:bmstu:2024:12.03.02:paid:direction,record_reference_unresolved,https://course.bmstu.ru/edu/abiturient/,"direction_key points to direction:bmstu:12.03.02, which is absent from JSONL entities and the source artifact manifest."
admission_statistic:bmstu:2021:12.03.02:paid:direction,record_reference_unresolved,https://course.bmstu.ru/edu/abiturient/,"direction_key points to direction:bmstu:12.03.02, which is absent from JSONL entities and the source artifact manifest."
admission_statistic:bmstu:2024:12.03.02:paid:РЛ2,record_reference_unresolved,https://course.bmstu.ru/edu/abiturient/,"direction_key points to direction:bmstu:12.03.02, which is absent from JSONL entities and the source artifact manifest."
admission_statistic:bmstu:2021:12.03.02:paid:РЛ2,record_reference_unresolved,https://course.bmstu.ru/edu/abiturient/,"direction_key points to direction:bmstu:12.03.02, which is absent from JSONL entities and the source artifact manifest."
admission_statistic:bmstu:2022:14.03.01:paid:direction,record_reference_unresolved,https://course.bmstu.ru/edu/abiturient/,"direction_key points to direction:bmstu:14.03.01, which is absent from JSONL entities and the source artifact manifest."
admission_statistic:bmstu:2021:14.03.01:paid:direction,record_reference_unresolved,https://course.bmstu.ru/edu/abiturient/,"direction_key points to direction:bmstu:14.03.01, which is absent from JSONL entities and the source artifact manifest."
admission_statistic:bmstu:2020:14.03.01:paid:direction,record_reference_unresolved,https://course.bmstu.ru/edu/abiturient/,"direction_key points to direction:bmstu:14.03.01, which is absent from JSONL entities and the source artifact manifest."
admission_statistic:bmstu:2021:14.03.01:paid:Э4,record_reference_unresolved,https://course.bmstu.ru/edu/abiturient/,"direction_key points to direction:bmstu:14.03.01, which is absent from JSONL entities and the source artifact manifest."
admission_statistic:bmstu:2022:14.03.01:paid:Э6,record_reference_unresolved,https://course.bmstu.ru/edu/abiturient/,"direction_key points to direction:bmstu:14.03.01, which is absent from JSONL entities and the source artifact manifest."
admission_statistic:bmstu:2021:14.03.01:paid:Э6,record_reference_unresolved,https://course.bmstu.ru/edu/abiturient/,"direction_key points to direction:bmstu:14.03.01, which is absent from JSONL entities and the source artifact manifest."
admission_statistic:bmstu:2020:14.03.01:paid:Э6,record_reference_unresolved,https://course.bmstu.ru/edu/abiturient/,"direction_key points to direction:bmstu:14.03.01, which is absent from JSONL entities and the source artifact manifest."
admission_statistic:bmstu:2025:19.03.01:paid:direction,record_reference_unresolved,https://course.bmstu.ru/edu/abiturient/,"direction_key points to direction:bmstu:19.03.01, which is absent from JSONL entities and the source artifact manifest."
admission_statistic:bmstu:2025:19.03.01:paid:БМТ3,record_reference_unresolved,https://course.bmstu.ru/edu/abiturient/,"direction_key points to direction:bmstu:19.03.01, which is absent from JSONL entities and the source artifact manifest."
admission_statistic:bmstu:2025:24.05.01:paid:АК1,record_reference_unresolved,https://course.bmstu.ru/edu/abiturient/,"department_key points to department:bmstu:АК1, which is absent from JSONL entities and the source artifact manifest."
admission_statistic:bmstu:2025:24.05.01:paid:ПС3,record_reference_unresolved,https://course.bmstu.ru/edu/abiturient/,"department_key points to department:bmstu:ПС3, which is absent from JSONL entities and the source artifact manifest."
admission_statistic:bmstu:2024:24.05.01:paid:ПС3,record_reference_unresolved,https://course.bmstu.ru/edu/abiturient/,"department_key points to department:bmstu:ПС3, which is absent from JSONL entities and the source artifact manifest."
admission_statistic:bmstu:2025:24.05.06:paid:ПС2,record_reference_unresolved,https://course.bmstu.ru/edu/abiturient/,"department_key points to department:bmstu:ПС2, which is absent from JSONL entities and the source artifact manifest."
admission_statistic:bmstu:2021:24.05.06:paid:ПС4,record_reference_unresolved,https://course.bmstu.ru/edu/abiturient/,"department_key points to department:bmstu:ПС4, which is absent from JSONL entities and the source artifact manifest."
admission_statistic:bmstu:2021:24.05.06:paid:РТ4,record_reference_unresolved,https://course.bmstu.ru/edu/abiturient/,"department_key points to department:bmstu:РТ4, which is absent from JSONL entities and the source artifact manifest."
admission_statistic:bmstu:2025:27.03.05:paid:ИБМ3К,record_reference_unresolved,https://course.bmstu.ru/edu/abiturient/,"department_key points to department:bmstu:ИБМ3К, which is absent from JSONL entities and the source artifact manifest."
admission_statistic:bmstu:2025:38.03.05:paid:ИБМ3К,record_reference_unresolved,https://course.bmstu.ru/edu/abiturient/,"department_key points to department:bmstu:ИБМ3К, which is absent from JSONL entities and the source artifact manifest."
admission_statistic:bmstu:2025:39.03.01:paid:direction,record_reference_unresolved,https://course.bmstu.ru/edu/abiturient/,"direction_key points to direction:bmstu:39.03.01, which is absent from JSONL entities and the source artifact manifest."
admission_statistic:bmstu:2024:39.03.01:paid:direction,record_reference_unresolved,https://course.bmstu.ru/edu/abiturient/,"direction_key points to direction:bmstu:39.03.01, which is absent from JSONL entities and the source artifact manifest."
admission_statistic:bmstu:2023:39.03.01:paid:direction,record_reference_unresolved,https://course.bmstu.ru/edu/abiturient/,"direction_key points to direction:bmstu:39.03.01, which is absent from JSONL entities and the source artifact manifest."
admission_statistic:bmstu:2022:39.03.01:paid:direction,record_reference_unresolved,https://course.bmstu.ru/edu/abiturient/,"direction_key points to direction:bmstu:39.03.01, which is absent from JSONL entities and the source artifact manifest."
admission_statistic:bmstu:2021:39.03.01:paid:direction,record_reference_unresolved,https://course.bmstu.ru/edu/abiturient/,"direction_key points to direction:bmstu:39.03.01, which is absent from JSONL entities and the source artifact manifest."
admission_statistic:bmstu:2020:39.03.01:paid:direction,record_reference_unresolved,https://course.bmstu.ru/edu/abiturient/,"direction_key points to direction:bmstu:39.03.01, which is absent from JSONL entities and the source artifact manifest."
admission_statistic:bmstu:2025:39.03.01:paid:СГН2,record_reference_unresolved,https://course.bmstu.ru/edu/abiturient/,"direction_key points to direction:bmstu:39.03.01, which is absent from JSONL entities and the source artifact manifest."
admission_statistic:bmstu:2025:39.03.01:paid:СГН2,record_reference_unresolved,https://course.bmstu.ru/edu/abiturient/,"department_key points to department:bmstu:СГН2, which is absent from JSONL entities and the source artifact manifest."
admission_statistic:bmstu:2024:39.03.01:paid:СГН2,record_reference_unresolved,https://course.bmstu.ru/edu/abiturient/,"direction_key points to direction:bmstu:39.03.01, which is absent from JSONL entities and the source artifact manifest."
admission_statistic:bmstu:2024:39.03.01:paid:СГН2,record_reference_unresolved,https://course.bmstu.ru/edu/abiturient/,"department_key points to department:bmstu:СГН2, which is absent from JSONL entities and the source artifact manifest."
admission_statistic:bmstu:2023:39.03.01:paid:СГН2,record_reference_unresolved,https://course.bmstu.ru/edu/abiturient/,"direction_key points to direction:bmstu:39.03.01, which is absent from JSONL entities and the source artifact manifest."
admission_statistic:bmstu:2023:39.03.01:paid:СГН2,record_reference_unresolved,https://course.bmstu.ru/edu/abiturient/,"department_key points to department:bmstu:СГН2, which is absent from JSONL entities and the source artifact manifest."
admission_statistic:bmstu:2022:39.03.01:paid:СГН2,record_reference_unresolved,https://course.bmstu.ru/edu/abiturient/,"direction_key points to direction:bmstu:39.03.01, which is absent from JSONL entities and the source artifact manifest."
admission_statistic:bmstu:2022:39.03.01:paid:СГН2,record_reference_unresolved,https://course.bmstu.ru/edu/abiturient/,"department_key points to department:bmstu:СГН2, which is absent from JSONL entities and the source artifact manifest."
admission_statistic:bmstu:2021:39.03.01:paid:СГН2,record_reference_unresolved,https://course.bmstu.ru/edu/abiturient/,"direction_key points to direction:bmstu:39.03.01, which is absent from JSONL entities and the source artifact manifest."
admission_statistic:bmstu:2021:39.03.01:paid:СГН2,record_reference_unresolved,https://course.bmstu.ru/edu/abiturient/,"department_key points to department:bmstu:СГН2, which is absent from JSONL entities and the source artifact manifest."
admission_statistic:bmstu:2020:39.03.01:paid:СГН2,record_reference_unresolved,https://course.bmstu.ru/edu/abiturient/,"direction_key points to direction:bmstu:39.03.01, which is absent from JSONL entities and the source artifact manifest."
admission_statistic:bmstu:2020:39.03.01:paid:СГН2,record_reference_unresolved,https://course.bmstu.ru/edu/abiturient/,"department_key points to department:bmstu:СГН2, which is absent from JSONL entities and the source artifact manifest."
admission_statistic:bmstu:2025:40.05.03:paid:direction,record_reference_unresolved,https://course.bmstu.ru/edu/abiturient/,"direction_key points to direction:bmstu:40.05.03, which is absent from JSONL entities and the source artifact manifest."
admission_statistic:bmstu:2024:40.05.03:paid:direction,record_reference_unresolved,https://course.bmstu.ru/edu/abiturient/,"direction_key points to direction:bmstu:40.05.03, which is absent from JSONL entities and the source artifact manifest."
admission_statistic:bmstu:2023:40.05.03:paid:direction,record_reference_unresolved,https://course.bmstu.ru/edu/abiturient/,"direction_key points to direction:bmstu:40.05.03, which is absent from JSONL entities and the source artifact manifest."
admission_statistic:bmstu:2022:40.05.03:paid:direction,record_reference_unresolved,https://course.bmstu.ru/edu/abiturient/,"direction_key points to direction:bmstu:40.05.03, which is absent from JSONL entities and the source artifact manifest."
admission_statistic:bmstu:2021:40.05.03:paid:direction,record_reference_unresolved,https://course.bmstu.ru/edu/abiturient/,"direction_key points to direction:bmstu:40.05.03, which is absent from JSONL entities and the source artifact manifest."
admission_statistic:bmstu:2020:40.05.03:paid:direction,record_reference_unresolved,https://course.bmstu.ru/edu/abiturient/,"direction_key points to direction:bmstu:40.05.03, which is absent from JSONL entities and the source artifact manifest."
admission_statistic:bmstu:2025:40.05.03:paid:ЮР,record_reference_unresolved,https://course.bmstu.ru/edu/abiturient/,"direction_key points to direction:bmstu:40.05.03, which is absent from JSONL entities and the source artifact manifest."
admission_statistic:bmstu:2024:40.05.03:paid:ЮР,record_reference_unresolved,https://course.bmstu.ru/edu/abiturient/,"direction_key points to direction:bmstu:40.05.03, which is absent from JSONL entities and the source artifact manifest."
admission_statistic:bmstu:2023:40.05.03:paid:ЮР,record_reference_unresolved,https://course.bmstu.ru/edu/abiturient/,"direction_key points to direction:bmstu:40.05.03, which is absent from JSONL entities and the source artifact manifest."
admission_statistic:bmstu:2022:40.05.03:paid:ЮР,record_reference_unresolved,https://course.bmstu.ru/edu/abiturient/,"direction_key points to direction:bmstu:40.05.03, which is absent from JSONL entities and the source artifact manifest."
admission_statistic:bmstu:2021:40.05.03:paid:ЮР,record_reference_unresolved,https://course.bmstu.ru/edu/abiturient/,"direction_key points to direction:bmstu:40.05.03, which is absent from JSONL entities and the source artifact manifest."
admission_statistic:bmstu:2020:40.05.03:paid:ЮР,record_reference_unresolved,https://course.bmstu.ru/edu/abiturient/,"direction_key points to direction:bmstu:40.05.03, which is absent from JSONL entities and the source artifact manifest."
program:bmstu:09.03.01:ИУ6:09.03.01-03:source:2-1,profile_campus_unverified,https://api.www.bmstu.ru/majors/informatika-i-vycislitelnaa-tehnika-090301,The official chair address does not verify this profile's campus as the Moscow head campus: ИУ6 at department:bmstu:ИУ6.
program:bmstu:09.03.01:ИУ6:09.03.01-13:source:2-2,profile_campus_unverified,https://api.www.bmstu.ru/majors/informatika-i-vycislitelnaa-tehnika-090301,The official chair address does not verify this profile's campus as the Moscow head campus: ИУ6 at department:bmstu:ИУ6.
program:bmstu:09.03.01:ИУ6:09.03.01-53:source:2-3,profile_campus_unverified,https://api.www.bmstu.ru/majors/informatika-i-vycislitelnaa-tehnika-090301,The official chair address does not verify this profile's campus as the Moscow head campus: ИУ6 at department:bmstu:ИУ6.
program:bmstu:12.03.04:БМТ3:12.03.04:source:3-1,profile_campus_unverified,https://api.www.bmstu.ru/majors/biotehniceskie-sistemy-i-tehnologii-120304,The official chair address does not verify this profile's campus as the Moscow head campus: БМТ3 at department:bmstu:БМТ3.
program:bmstu:12.03.04:БМТ3:12.03.04:source:3-2,profile_campus_unverified,https://api.www.bmstu.ru/majors/biotehniceskie-sistemy-i-tehnologii-120304,The official chair address does not verify this profile's campus as the Moscow head campus: БМТ3 at department:bmstu:БМТ3.
program:bmstu:12.03.04:БМТ3:12.03.04:source:3-3,profile_campus_unverified,https://api.www.bmstu.ru/majors/biotehniceskie-sistemy-i-tehnologii-120304,The official chair address does not verify this profile's campus as the Moscow head campus: БМТ3 at department:bmstu:БМТ3.
program:bmstu:12.03.04:БМТ5:12.03.04:source:4-1,profile_campus_unverified,https://api.www.bmstu.ru/majors/biotehniceskie-sistemy-i-tehnologii-120304,The official chair address does not verify this profile's campus as the Moscow head campus: БМТ5 at department:bmstu:БМТ5.
program:bmstu:13.03.02:Э11:13.03.02-04:source:4-1,profile_campus_unverified,https://api.www.bmstu.ru/majors/elektroenergetika-i-elektrotehnika-130302,The official chair address does not verify this profile's campus as the Moscow head campus: Э11 at department:bmstu:Э11.
program:bmstu:15.05.01:МТ6:15.05.01-06:source:5-1,profile_campus_unverified,https://api.www.bmstu.ru/majors/proektirovanie-tehnologiceskih-masin-i-kompleksov-150501,The official chair address does not verify this profile's campus as the Moscow head campus: МТ6 at department:bmstu:МТ6.
offering:bmstu:2026:app8.1:p1:t1:r3,offering_to_catalog_profile_unresolved,[источник предоставлен владельцем репозитория],"Exact direction code, an explicit department code in the source chair cell, and profile name yielded 0 catalog profiles; the authoritative offer remains unlinked."
competition_pool:bmstu:2026:01.03.03:budget:special,authoritative_direction_quota_conflict,[источник предоставлен владельцем репозитория],"Appendix 8.1 reports different special values under the same direction: [2, 4]."
competition_pool:bmstu:2026:01.03.03:budget:separate,authoritative_direction_quota_conflict,[источник предоставлен владельцем репозитория],"Appendix 8.1 reports different separate values under the same direction: [3, 5]."
competition_pool:bmstu:2026:02.03.01:budget:special,authoritative_direction_quota_conflict,[источник предоставлен владельцем репозитория],"Appendix 8.1 reports different special values under the same direction: [2, 3]."
competition_pool:bmstu:2026:02.03.01:budget:separate,authoritative_direction_quota_conflict,[источник предоставлен владельцем репозитория],"Appendix 8.1 reports different separate values under the same direction: [2, 3]."
offering:bmstu:2026:app8.1:p1:t1:r11,offering_to_catalog_profile_unresolved,[источник предоставлен владельцем репозитория],"Exact direction code, an explicit department code in the source chair cell, and profile name yielded 0 catalog profiles; the authoritative offer remains unlinked."
competition_pool:bmstu:2026:09.03.01:budget:separate,authoritative_direction_quota_conflict,[источник предоставлен владельцем репозитория],"Appendix 8.1 reports different separate values under the same direction: [6, 8]."
offering:bmstu:2026:app8.1:p1:t1:r12,offering_to_catalog_profile_unresolved,[источник предоставлен владельцем репозитория],"Exact direction code, an explicit department code in the source chair cell, and profile name yielded 0 catalog profiles; the authoritative offer remains unlinked."
competition_pool:bmstu:2026:09.03.01:budget:special,authoritative_direction_quota_conflict,[источник предоставлен владельцем репозитория],"Appendix 8.1 reports different special values under the same direction: [2, 6]."
competition_pool:bmstu:2026:09.03.01:budget:special,authoritative_direction_quota_conflict,[источник предоставлен владельцем репозитория],"Appendix 8.1 reports different special values under the same direction: [2, 3, 6]."
competition_pool:bmstu:2026:09.03.01:budget:separate,authoritative_direction_quota_conflict,[источник предоставлен владельцем репозитория],"Appendix 8.1 reports different separate values under the same direction: [3, 6, 8]."
competition_pool:bmstu:2026:09.03.01:budget:special,authoritative_direction_quota_conflict,[источник предоставлен владельцем репозитория],"Appendix 8.1 reports different special values under the same direction: [2, 3, 4, 6]."
competition_pool:bmstu:2026:09.03.01:budget:separate,authoritative_direction_quota_conflict,[источник предоставлен владельцем репозитория],"Appendix 8.1 reports different separate values under the same direction: [3, 4, 6, 8]."
competition_pool:bmstu:2026:09.03.01:budget:separate,authoritative_direction_quota_conflict,[источник предоставлен владельцем репозитория],"Appendix 8.1 reports different separate values under the same direction: [2, 3, 4, 6, 8]."
competition_pool:bmstu:2026:09.03.01:budget:special,authoritative_direction_quota_conflict,[источник предоставлен владельцем репозитория],"Appendix 8.1 reports different special values under the same direction: [2, 3, 4, 6, 10]."
competition_pool:bmstu:2026:09.03.01:budget:separate,authoritative_direction_quota_conflict,[источник предоставлен владельцем репозитория],"Appendix 8.1 reports different separate values under the same direction: [0, 2, 3, 4, 6, 8]."
offering:bmstu:2026:app8.1:p2:t1:r3,offering_to_catalog_profile_unresolved,[источник предоставлен владельцем репозитория],"Exact direction code, an explicit department code in the source chair cell, and profile name yielded 0 catalog profiles; the authoritative offer remains unlinked."
competition_pool:bmstu:2026:09.03.01:budget:special,authoritative_direction_quota_conflict,[источник предоставлен владельцем репозитория],"Appendix 8.1 reports different special values under the same direction: [0, 2, 3, 4, 6, 10]."
offering:bmstu:2026:app8.1:p2:t1:r4,offering_to_catalog_profile_unresolved,[источник предоставлен владельцем репозитория],"Exact direction code, an explicit department code in the source chair cell, and profile name yielded 0 catalog profiles; the authoritative offer remains unlinked."
offering:bmstu:2026:app8.1:p2:t1:r6,offering_to_catalog_profile_unresolved,[источник предоставлен владельцем репозитория],"Exact direction code, an explicit department code in the source chair cell, and profile name yielded 0 catalog profiles; the authoritative offer remains unlinked."
competition_pool:bmstu:2026:09.03.02:budget:special,authoritative_direction_quota_conflict,[источник предоставлен владельцем репозитория],"Appendix 8.1 reports different special values under the same direction: [0, 6]."
competition_pool:bmstu:2026:09.03.02:budget:separate,authoritative_direction_quota_conflict,[источник предоставлен владельцем репозитория],"Appendix 8.1 reports different separate values under the same direction: [0, 6]."
competition_pool:bmstu:2026:09.03.03:budget:special,authoritative_direction_quota_conflict,[источник предоставлен владельцем репозитория],"Appendix 8.1 reports different special values under the same direction: [2, 6]."
competition_pool:bmstu:2026:09.03.03:budget:separate,authoritative_direction_quota_conflict,[источник предоставлен владельцем репозитория],"Appendix 8.1 reports different separate values under the same direction: [4, 8]."
offering:bmstu:2026:app8.1:p2:t1:r9,offering_to_catalog_profile_unresolved,[источник предоставлен владельцем репозитория],"Exact direction code, an explicit department code in the source chair cell, and profile name yielded 0 catalog profiles; the authoritative offer remains unlinked."
offering:bmstu:2026:app8.1:p2:t1:r10,offering_to_catalog_profile_unresolved,[источник предоставлен владельцем репозитория],"Exact direction code, an explicit department code in the source chair cell, and profile name yielded 0 catalog profiles; the authoritative offer remains unlinked."
competition_pool:bmstu:2026:09.03.04:budget:special,authoritative_direction_quota_conflict,[источник предоставлен владельцем репозитория],"Appendix 8.1 reports different special values under the same direction: [0, 9]."
competition_pool:bmstu:2026:09.03.04:budget:separate,authoritative_direction_quota_conflict,[источник предоставлен владельцем репозитория],"Appendix 8.1 reports different separate values under the same direction: [0, 9]."
competition_pool:bmstu:2026:10.05.03:budget:special,authoritative_direction_quota_conflict,[источник предоставлен владельцем репозитория],"Appendix 8.1 reports different special values under the same direction: [4, 5]."
competition_pool:bmstu:2026:10.05.03:budget:separate,authoritative_direction_quota_conflict,[источник предоставлен владельцем репозитория],"Appendix 8.1 reports different separate values under the same direction: [5, 6]."
competition_pool:bmstu:2026:10.05.03:budget:special,authoritative_direction_quota_conflict,[источник предоставлен владельцем репозитория],"Appendix 8.1 reports different special values under the same direction: [2, 4, 5]."
competition_pool:bmstu:2026:10.05.03:budget:separate,authoritative_direction_quota_conflict,[источник предоставлен владельцем репозитория],"Appendix 8.1 reports different separate values under the same direction: [0, 5, 6]."
competition_pool:bmstu:2026:11.03.03:budget:special,authoritative_direction_quota_conflict,[источник предоставлен владельцем репозитория],"Appendix 8.1 reports different special values under the same direction: [2, 9]."
competition_pool:bmstu:2026:11.03.03:budget:separate,authoritative_direction_quota_conflict,[источник предоставлен владельцем репозитория],"Appendix 8.1 reports different separate values under the same direction: [2, 9]."
competition_pool:bmstu:2026:11.05.01:budget:special,authoritative_direction_quota_conflict,[источник предоставлен владельцем репозитория],"Appendix 8.1 reports different special values under the same direction: [4, 10]."
competition_pool:bmstu:2026:11.05.01:budget:separate,authoritative_direction_quota_conflict,[источник предоставлен владельцем репозитория],"Appendix 8.1 reports different separate values under the same direction: [4, 10]."
competition_pool:bmstu:2026:11.05.01:budget:special,authoritative_direction_quota_conflict,[источник предоставлен владельцем репозитория],"Appendix 8.1 reports different special values under the same direction: [2, 4, 10]."
competition_pool:bmstu:2026:11.05.01:budget:separate,authoritative_direction_quota_conflict,[источник предоставлен владельцем репозитория],"Appendix 8.1 reports different separate values under the same direction: [2, 4, 10]."
offering:bmstu:2026:app8.1:p2:t1:r24,authoritative_offering_has_combined_department_codes,[источник предоставлен владельцем репозитория],"The row prints department codes ['БМТ1', 'БМТ2', 'БМТ3']; the exact profile match identifies None, while all printed codes remain preserved."
offering:bmstu:2026:app8.1:p2:t1:r24,authoritative_offering_department_group_requires_relational_load,[источник предоставлен владельцем репозитория],The PDF merges this profile across multiple department rows. All explicit department keys are retained as record values and relationships; the current ORM has no offer-to-many-departments field.
offering:bmstu:2026:app8.1:p3:t1:r4,offering_to_catalog_profile_unresolved,[источник предоставлен владельцем репозитория],"Exact direction code, an explicit department code in the source chair cell, and profile name yielded 0 catalog profiles; the authoritative offer remains unlinked."
competition_pool:bmstu:2026:13.03.02:budget:special,authoritative_direction_quota_conflict,[источник предоставлен владельцем репозитория],"Appendix 8.1 reports different special values under the same direction: [2, 3]."
competition_pool:bmstu:2026:13.03.02:budget:separate,authoritative_direction_quota_conflict,[источник предоставлен владельцем репозитория],"Appendix 8.1 reports different separate values under the same direction: [2, 3]."
competition_pool:bmstu:2026:13.03.03:budget:special,authoritative_direction_quota_conflict,[источник предоставлен владельцем репозитория],"Appendix 8.1 reports different special values under the same direction: [3, 4]."
competition_pool:bmstu:2026:13.03.03:budget:separate,authoritative_direction_quota_conflict,[источник предоставлен владельцем репозитория],"Appendix 8.1 reports different separate values under the same direction: [3, 4]."
offering:bmstu:2026:app8.1:p3:t1:r10,offering_to_catalog_profile_unresolved,[источник предоставлен владельцем репозитория],"Exact direction code, an explicit department code in the source chair cell, and profile name yielded 0 catalog profiles; the authoritative offer remains unlinked."
competition_pool:bmstu:2026:15.03.04:budget:special,authoritative_direction_quota_conflict,[источник предоставлен владельцем репозитория],"Appendix 8.1 reports different special values under the same direction: [1, 5]."
competition_pool:bmstu:2026:15.03.04:budget:separate,authoritative_direction_quota_conflict,[источник предоставлен владельцем репозитория],"Appendix 8.1 reports different separate values under the same direction: [0, 5]."
competition_pool:bmstu:2026:15.03.04:budget:separate,authoritative_direction_quota_conflict,[источник предоставлен владельцем репозитория],"Appendix 8.1 reports different separate values under the same direction: [0, 2, 5]."
competition_pool:bmstu:2026:15.03.06:budget:special,authoritative_direction_quota_conflict,[источник предоставлен владельцем репозитория],"Appendix 8.1 reports different special values under the same direction: [2, 4]."
competition_pool:bmstu:2026:15.03.06:budget:separate,authoritative_direction_quota_conflict,[источник предоставлен владельцем репозитория],"Appendix 8.1 reports different separate values under the same direction: [2, 4]."
competition_pool:bmstu:2026:15.05.01:budget:special,authoritative_direction_quota_conflict,[источник предоставлен владельцем репозитория],"Appendix 8.1 reports different special values under the same direction: [1, 4]."
competition_pool:bmstu:2026:15.05.01:budget:separate,authoritative_direction_quota_conflict,[источник предоставлен владельцем репозитория],"Appendix 8.1 reports different separate values under the same direction: [1, 4]."
competition_pool:bmstu:2026:15.05.01:budget:special,authoritative_direction_quota_conflict,[источник предоставлен владельцем репозитория],"Appendix 8.1 reports different special values under the same direction: [1, 4, 5]."
competition_pool:bmstu:2026:15.05.01:budget:separate,authoritative_direction_quota_conflict,[источник предоставлен владельцем репозитория],"Appendix 8.1 reports different separate values under the same direction: [1, 4, 5]."
competition_pool:bmstu:2026:15.05.01:budget:special,authoritative_direction_quota_conflict,[источник предоставлен владельцем репозитория],"Appendix 8.1 reports different special values under the same direction: [1, 2, 4, 5]."
competition_pool:bmstu:2026:15.05.01:budget:separate,authoritative_direction_quota_conflict,[источник предоставлен владельцем репозитория],"Appendix 8.1 reports different separate values under the same direction: [1, 2, 4, 5]."
competition_pool:bmstu:2026:15.05.01:budget:special,authoritative_direction_quota_conflict,[источник предоставлен владельцем репозитория],"Appendix 8.1 reports different special values under the same direction: [1, 2, 3, 4, 5]."
competition_pool:bmstu:2026:15.05.01:budget:separate,authoritative_direction_quota_conflict,[источник предоставлен владельцем репозитория],"Appendix 8.1 reports different separate values under the same direction: [1, 2, 3, 4, 5]."
offering:bmstu:2026:app8.1:p4:t1:r2,offering_to_catalog_profile_unresolved,[источник предоставлен владельцем репозитория],"Exact direction code, an explicit department code in the source chair cell, and profile name yielded 0 catalog profiles; the authoritative offer remains unlinked."
offering:bmstu:2026:app8.1:p4:t1:r3,offering_to_catalog_profile_unresolved,[источник предоставлен владельцем репозитория],"Exact direction code, an explicit department code in the source chair cell, and profile name yielded 0 catalog profiles; the authoritative offer remains unlinked."
competition_pool:bmstu:2026:15.05.02:budget:special,authoritative_direction_quota_conflict,[источник предоставлен владельцем репозитория],"Appendix 8.1 reports different special values under the same direction: [2, 3]."
competition_pool:bmstu:2026:15.05.02:budget:separate,authoritative_direction_quota_conflict,[источник предоставлен владельцем репозитория],"Appendix 8.1 reports different separate values under the same direction: [2, 3]."
competition_pool:bmstu:2026:22.03.01:budget:special,authoritative_direction_quota_conflict,[источник предоставлен владельцем репозитория],"Appendix 8.1 reports different special values under the same direction: [2, 3]."
competition_pool:bmstu:2026:22.03.01:budget:separate,authoritative_direction_quota_conflict,[источник предоставлен владельцем репозитория],"Appendix 8.1 reports different separate values under the same direction: [2, 5]."
competition_pool:bmstu:2026:22.03.01:budget:separate,authoritative_direction_quota_conflict,[источник предоставлен владельцем репозитория],"Appendix 8.1 reports different separate values under the same direction: [0, 2, 5]."
competition_pool:bmstu:2026:23.05.01:budget:special,authoritative_direction_quota_conflict,[источник предоставлен владельцем репозитория],"Appendix 8.1 reports different special values under the same direction: [2, 3]."
competition_pool:bmstu:2026:23.05.01:budget:separate,authoritative_direction_quota_conflict,[источник предоставлен владельцем репозитория],"Appendix 8.1 reports different separate values under the same direction: [2, 3]."
competition_pool:bmstu:2026:23.05.02:budget:special,authoritative_direction_quota_conflict,[источник предоставлен владельцем репозитория],"Appendix 8.1 reports different special values under the same direction: [2, 3]."
competition_pool:bmstu:2026:23.05.02:budget:separate,authoritative_direction_quota_conflict,[источник предоставлен владельцем репозитория],"Appendix 8.1 reports different separate values under the same direction: [2, 3]."
competition_pool:bmstu:2026:24.05.01:budget:special,authoritative_direction_quota_conflict,[источник предоставлен владельцем репозитория],"Appendix 8.1 reports different special values under the same direction: [2, 4]."
competition_pool:bmstu:2026:24.05.01:budget:separate,authoritative_direction_quota_conflict,[источник предоставлен владельцем репозитория],"Appendix 8.1 reports different separate values under the same direction: [2, 4]."
competition_pool:bmstu:2026:24.05.01:budget:special,authoritative_direction_quota_conflict,[источник предоставлен владельцем репозитория],"Appendix 8.1 reports different special values under the same direction: [2, 3, 4]."
competition_pool:bmstu:2026:24.05.01:budget:separate,authoritative_direction_quota_conflict,[источник предоставлен владельцем репозитория],"Appendix 8.1 reports different separate values under the same direction: [2, 3, 4]."
competition_pool:bmstu:2026:24.05.01:budget:special,authoritative_direction_quota_conflict,[источник предоставлен владельцем репозитория],"Appendix 8.1 reports different special values under the same direction: [2, 3, 4, 5]."
competition_pool:bmstu:2026:24.05.01:budget:separate,authoritative_direction_quota_conflict,[источник предоставлен владельцем репозитория],"Appendix 8.1 reports different separate values under the same direction: [2, 3, 4, 5]."
competition_pool:bmstu:2026:24.05.02:budget:special,authoritative_direction_quota_conflict,[источник предоставлен владельцем репозитория],"Appendix 8.1 reports different special values under the same direction: [2, 4]."
competition_pool:bmstu:2026:24.05.02:budget:separate,authoritative_direction_quota_conflict,[источник предоставлен владельцем репозитория],"Appendix 8.1 reports different separate values under the same direction: [2, 4]."
competition_pool:bmstu:2026:24.05.02:budget:special,authoritative_direction_quota_conflict,[источник предоставлен владельцем репозитория],"Appendix 8.1 reports different special values under the same direction: [2, 4, 5]."
competition_pool:bmstu:2026:24.05.02:budget:separate,authoritative_direction_quota_conflict,[источник предоставлен владельцем репозитория],"Appendix 8.1 reports different separate values under the same direction: [2, 4, 5]."
offering:bmstu:2026:app8.1:p5:t1:r10,offering_to_catalog_profile_unresolved,[источник предоставлен владельцем репозитория],"Exact direction code, an explicit department code in the source chair cell, and profile name yielded 0 catalog profiles; the authoritative offer remains unlinked."
offering:bmstu:2026:app8.1:p5:t1:r12,offering_to_catalog_profile_unresolved,[источник предоставлен владельцем репозитория],"Exact direction code, an explicit department code in the source chair cell, and profile name yielded 0 catalog profiles; the authoritative offer remains unlinked."
competition_pool:bmstu:2026:24.05.06:budget:special,authoritative_direction_quota_conflict,[источник предоставлен владельцем репозитория],"Appendix 8.1 reports different special values under the same direction: [2, 8]."
competition_pool:bmstu:2026:24.05.06:budget:separate,authoritative_direction_quota_conflict,[источник предоставлен владельцем репозитория],"Appendix 8.1 reports different separate values under the same direction: [2, 8]."
offering:bmstu:2026:app8.1:p5:t1:r13,offering_to_catalog_profile_unresolved,[источник предоставлен владельцем репозитория],"Exact direction code, an explicit department code in the source chair cell, and profile name yielded 0 catalog profiles; the authoritative offer remains unlinked."
offering:bmstu:2026:app8.1:p5:t1:r14,offering_to_catalog_profile_unresolved,[источник предоставлен владельцем репозитория],"Exact direction code, an explicit department code in the source chair cell, and profile name yielded 0 catalog profiles; the authoritative offer remains unlinked."
competition_pool:bmstu:2026:24.05.06:budget:special,authoritative_direction_quota_conflict,[источник предоставлен владельцем репозитория],"Appendix 8.1 reports different special values under the same direction: [2, 3, 8]."
competition_pool:bmstu:2026:24.05.06:budget:separate,authoritative_direction_quota_conflict,[источник предоставлен владельцем репозитория],"Appendix 8.1 reports different separate values under the same direction: [2, 3, 8]."
competition_pool:bmstu:2026:27.03.01:budget:special,authoritative_direction_quota_conflict,[источник предоставлен владельцем репозитория],"Appendix 8.1 reports different special values under the same direction: [1, 2]."
competition_pool:bmstu:2026:27.03.01:budget:separate,authoritative_direction_quota_conflict,[источник предоставлен владельцем репозитория],"Appendix 8.1 reports different separate values under the same direction: [0, 3]."
offering:bmstu:2026:app8.1:p5:t1:r21,authoritative_offering_department_codes_composite,[источник предоставлен владельцем репозитория],"The source row names multiple catalog department codes ['ИБМ2', 'ИБМ3', 'ИБМ4', 'ИБМ5', 'ИБМ7']; no single department was selected."
offering:bmstu:2026:app8.1:p5:t1:r21,offering_to_catalog_profile_unresolved,[источник предоставлен владельцем репозитория],"Exact direction code, an explicit department code in the source chair cell, and profile name yielded 5 catalog profiles; the authoritative offer remains unlinked."
offering:bmstu:2026:app8.1:p5:t1:r26,offering_to_catalog_profile_unresolved,[источник предоставлен владельцем репозитория],"Exact direction code, an explicit department code in the source chair cell, and profile name yielded 0 catalog profiles; the authoritative offer remains unlinked."
competition_pool:bmstu:2026:27.03.05:budget:special,authoritative_direction_quota_conflict,[источник предоставлен владельцем репозитория],"Appendix 8.1 reports different special values under the same direction: [4, 14]."
competition_pool:bmstu:2026:27.03.05:budget:separate,authoritative_direction_quota_conflict,[источник предоставлен владельцем репозитория],"Appendix 8.1 reports different separate values under the same direction: [0, 18]."
competition_pool:bmstu:2026:28.03.02:budget:special,authoritative_direction_quota_conflict,[источник предоставлен владельцем репозитория],"Appendix 8.1 reports different special values under the same direction: [2, 4]."
competition_pool:bmstu:2026:28.03.02:budget:separate,authoritative_direction_quota_conflict,[источник предоставлен владельцем репозитория],"Appendix 8.1 reports different separate values under the same direction: [2, 4]."
offering:bmstu:2026:app8.1:p6:t1:r1,authoritative_offering_department_codes_composite,[источник предоставлен владельцем репозитория],"The source row names multiple catalog department codes ['ИБМ1', 'ИБМ5']; no single department was selected."
offering:bmstu:2026:app8.1:p6:t1:r1,offering_to_catalog_profile_unresolved,[источник предоставлен владельцем репозитория],"Exact direction code, an explicit department code in the source chair cell, and profile name yielded 0 catalog profiles; the authoritative offer remains unlinked."
offering:bmstu:2026:app8.1:p6:t1:r3,authoritative_offering_department_codes_composite,[источник предоставлен владельцем репозитория],"The source row names multiple catalog department codes ['ИБМ4', 'ИБМ7']; no single department was selected."
offering:bmstu:2026:app8.1:p6:t1:r3,offering_to_catalog_profile_unresolved,[источник предоставлен владельцем репозитория],"Exact direction code, an explicit department code in the source chair cell, and profile name yielded 0 catalog profiles; the authoritative offer remains unlinked."
competition_pool:bmstu:2026:38.03.05:budget:special,authoritative_direction_quota_conflict,[источник предоставлен владельцем репозитория],"Appendix 8.1 reports different special values under the same direction: [3, 4]."
competition_pool:bmstu:2026:38.03.05:budget:separate,authoritative_direction_quota_conflict,[источник предоставлен владельцем репозитория],"Appendix 8.1 reports different separate values under the same direction: [3, 4]."
offering:bmstu:2026:app8.1:p6:t1:r7,offering_to_catalog_profile_unresolved,[источник предоставлен владельцем репозитория],"Exact direction code, an explicit department code in the source chair cell, and profile name yielded 0 catalog profiles; the authoritative offer remains unlinked."
competition_pool:bmstu:2026:38.03.05:budget:special,authoritative_direction_quota_conflict,[источник предоставлен владельцем репозитория],"Appendix 8.1 reports different special values under the same direction: [2, 3, 4]."
competition_pool:bmstu:2026:38.03.05:budget:separate,authoritative_direction_quota_conflict,[источник предоставлен владельцем репозитория],"Appendix 8.1 reports different separate values under the same direction: [2, 3, 4]."
